1000000,163.231259,163.044145,161.155997,155.542583,143.805446,129.006447,106.450731,64.043944,22.589737,0.000000,0.000000,0.000000,0.000000,0.000000,0.000000,0.000000,0.000000,0.000000,0.000000,,0.074846,0.755259,2.245365,4.694855,5.919600,9.022286,16.962715,16.581683,9.035895,0.000000,0.000000,0.000000,0.000000,0.000000,0.000000,,76.322563
2000000,162.959093,161.870431,157.992073,149.725046,136.661102,117.473434,96.278546,62.104765,50.044431,8.113934,3.946400,0.000000,0.000000,0.000000,0.000000,0.000000,0.000000,0.000000,0.000000,,0.435465,1.551343,3.306811,5.225578,7.675067,8.477955,13.669512,4.824133,16.772199,1.667014,1.578560,0.000000,0.000000,0.000000,0.000000,,72.060749
3000000,162.584866,160.390531,155.542583,145.693594,130.945626,112.982703,95.530090,63.839820,27.999026,9.644865,3.776296,0.102062,0.000000,0.000000,0.000000,0.000000,0.000000,0.000000,0.000000,,0.877734,1.939179,3.939596,5.899187,7.185169,6.981045,12.676108,14.336318,7.341664,2.347427,1.469694,0.040825,0.000000,0.000000,0.000000,,68.412286
4000000,161.632286,157.685887,151.562163,141.458019,126.965206,102.623404,82.840374,63.788789,31.673260,5.868569,1.598972,0.408248,0.034021,0.000000,0.000000,0.000000,0.000000,0.000000,0.000000,,1.578560,2.449490,4.041658,5.797125,9.736721,7.913212,7.620634,12.846212,10.321877,1.707839,0.476290,0.149691,0.013608,0.000000,0.000000,,65.180490
5000000,160.815790,155.593614,148.228135,135.895636,121.521896,101.194535,80.186760,56.899600,25.957785,10.461361,3.300007,0.663403,0.136083,0.000000,0.000000,0.000000,0.000000,0.000000,0.000000,,2.088870,2.946192,4.933000,5.749496,8.130944,8.403110,9.314864,12.376726,6.198569,2.864542,1.054641,0.210928,0.054433,0.000000,0.000000,,62.438083
6000000,158.910631,153.246187,145.404418,130.231192,114.751779,91.294515,70.524885,45.366587,21.705199,10.257237,4.762896,0.867528,0.204124,0.000000,0.000000,0.000000,0.000000,0.000000,0.000000,,2.265778,3.136707,6.069291,6.191765,9.382906,8.307852,10.063319,9.464555,4.579185,2.197736,1.558147,0.265361,0.081650,0.000000,0.000000,,60.019977
7000000,157.277638,151.255977,141.117812,126.199740,110.329090,92.315136,64.333120,40.875856,24.120667,11.992292,5.545372,1.173714,0.340207,0.000000,0.000000,0.000000,0.000000,0.000000,0.000000,,2.408665,4.055266,5.967229,6.348260,7.205582,11.192806,9.382906,6.702075,4.851350,2.578768,1.748663,0.333403,0.136083,0.000000,0.000000,,57.950201
8000000,154.930211,148.449270,137.103371,124.668809,105.668255,84.150171,62.598065,43.172252,26.161909,13.268068,6.668055,2.245365,0.374228,0.000000,0.000000,0.000000,0.000000,0.000000,0.000000,,2.592376,4.538360,4.973825,7.600222,8.607234,8.620842,7.770325,6.804138,5.157536,2.640005,1.769076,0.748455,0.149691,0.000000,0.000000,,56.096882
9000000,152.786908,144.826067,133.361095,117.320341,100.156904,80.833153,62.938272,42.764004,26.570157,14.798999,8.369089,2.959800,0.680414,0.051031,0.000000,0.000000,0.000000,0.000000,0.000000,,3.184336,4.585989,6.416302,6.865375,7.729500,7.157953,8.069707,6.477539,4.708463,2.571964,2.163716,0.911754,0.251753,0.020412,0.000000,,54.444114
10000000,150.337418,141.815236,131.796143,115.891472,96.686794,79.200160,63.244458,48.224325,28.407274,15.819620,9.355689,3.929389,0.850517,0.102062,0.000000,0.000000,0.000000,0.000000,0.000000,,3.408873,4.007637,6.361869,7.681871,6.994653,6.382281,6.008053,7.926820,5.035062,2.585572,2.170520,1.231549,0.299382,0.040825,0.000000,,52.951371
11000000,147.853908,139.263684,127.271392,111.451772,95.632153,77.822323,58.141355,43.580501,29.904184,17.197458,10.308268,5.205165,1.190724,0.153093,0.000000,0.000000,0.000000,0.000000,0.000000,,3.436089,4.796917,6.327848,6.327848,7.123932,7.872387,5.824342,5.470527,5.082691,2.755676,2.041241,1.605776,0.415052,0.061237,0.000000,,51.567410
12000000,145.880708,135.895636,124.583758,108.134755,94.577511,77.260981,57.767127,44.499059,30.924805,18.524264,11.703117,5.817538,1.632993,0.204124,0.000000,0.000000,0.000000,0.000000,0.000000,,3.994029,4.524751,6.579601,5.422898,6.926612,7.797542,5.307227,5.429702,4.960216,2.728459,2.354232,1.673818,0.571548,0.081650,0.000000,,50.347471
13000000,143.533281,134.926047,124.413654,109.665686,89.916677,75.015616,59.570224,44.754214,31.469136,20.004164,12.859820,6.531972,2.313407,0.306186,0.000000,0.000000,0.000000,0.000000,0.000000,,3.442894,4.204957,5.899187,7.899604,5.960424,6.178157,5.926404,5.314031,4.585989,2.857738,2.531139,1.687426,0.802888,0.122474,0.000000,,49.205991
14000000,140.641522,130.537378,119.684779,105.940421,89.746574,74.301181,60.046513,44.345966,32.149550,21.330971,14.254668,7.552593,2.857738,0.459279,0.034021,0.000000,0.000000,0.000000,0.000000,,4.041658,4.341040,5.497743,6.477539,6.178157,5.701867,6.280219,4.878567,4.327431,2.830521,2.680830,1.877942,0.959383,0.170103,0.013608,,48.097130
15000000,137.511619,128.343044,117.949724,103.592993,87.909456,74.454275,60.760948,44.039780,32.149550,22.453654,14.730958,8.267027,3.640214,0.714434,0.068041,0.000000,0.000000,0.000000,0.000000,,3.667430,4.157328,5.742692,6.273415,5.382073,5.477331,6.688467,4.756092,3.878358,3.089078,2.585572,1.850725,1.170312,0.258557,0.027217,,47.108233
16000000,135.300274,126.403864,116.520855,102.929590,87.671312,74.454275,59.910431,45.417618,35.143370,24.392833,15.003123,8.522182,4.320627,0.816496,0.102062,0.000000,0.000000,0.000000,0.000000,,3.558564,3.953204,5.436506,6.103311,5.286815,5.817538,5.797125,4.109699,4.300215,3.755884,2.592376,1.680622,1.401652,0.285774,0.040825,,46.196011
17000000,134.245633,123.750251,112.234248,101.143504,86.786774,73.943964,60.726927,45.672773,35.585639,25.362423,16.057765,9.900020,4.490731,1.122683,0.102062,0.000000,0.000000,0.000000,0.000000,,4.198153,4.606401,4.436298,5.742692,5.137124,5.286815,6.021662,4.034854,4.089287,3.721863,2.463098,2.163716,1.347219,0.408248,0.040825,,45.365056
18000000,131.626040,122.984785,110.499193,99.255356,86.548629,72.413033,58.617645,47.867107,36.708322,25.311391,17.282509,10.563423,5.647434,1.990210,0.136083,0.000000,0.000000,0.000000,0.000000,,3.456502,4.994237,4.497535,5.082691,5.654238,5.518156,4.300215,4.463514,4.558772,3.211553,2.687634,1.966396,1.462890,0.741651,0.054433,,44.572076
19000000,128.802323,121.606947,108.798159,98.438859,84.541408,73.229530,59.093934,46.948549,37.660901,26.995416,17.996944,10.920641,6.055682,2.092272,0.204124,0.000000,0.000000,0.000000,0.000000,,2.878150,5.123516,4.143720,5.558980,4.524751,5.654238,4.858154,3.715059,4.266194,3.599389,2.830521,1.945983,1.585364,0.755259,0.081650,,43.847648
20000000,127.067268,119.871892,108.287848,97.316177,84.133160,71.086227,60.148575,48.428449,36.878425,27.403664,19.085606,12.145385,6.906200,2.041241,0.272166,0.000000,0.000000,0.000000,0.000000,,2.878150,4.633618,4.388669,5.273207,5.218773,4.375060,4.688051,4.620009,3.789905,3.327223,2.776088,2.095674,1.945983,0.707630,0.108866,,43.185733
21000000,126.148709,117.218279,107.029083,96.499680,83.214602,72.055816,58.753727,47.918138,37.967087,27.454695,19.595916,13.063944,7.144344,2.551552,0.442269,0.000000,0.000000,0.000000,0.000000,,3.572172,4.075678,4.211761,5.314031,4.463514,5.320836,4.334236,3.980420,4.204957,3.143512,2.612789,2.367840,1.837117,0.843713,0.176908,,42.585140
22000000,124.039427,116.758999,104.409490,94.662563,82.704291,71.239320,58.753727,47.611952,37.831004,30.363464,19.936123,13.217037,7.484551,2.857738,0.612372,0.000000,0.000000,0.000000,0.000000,,2.912171,4.939804,3.898771,4.783309,4.585989,4.994237,4.456710,3.912379,2.987016,4.170936,2.687634,2.292994,1.850725,0.898146,0.244949,,42.060924
23000000,122.406434,115.279100,103.388869,93.795035,83.180581,71.290351,59.570224,48.326387,38.511418,31.179960,20.990764,13.370130,8.062903,3.061862,0.816496,0.000000,0.000000,0.000000,0.000000,,2.850934,4.756092,3.837534,4.245782,4.756092,4.688051,4.497535,3.925987,2.932583,4.075678,3.048254,2.122891,2.000416,0.898146,0.326599,,41.590163
24000000,121.385813,112.931672,101.619794,91.396577,81.751712,71.341382,58.379500,47.407828,39.429977,29.546967,22.317571,13.982503,8.301048,3.419079,0.986600,0.000000,0.000000,0.000000,0.000000,,3.381656,4.524751,4.089287,3.857946,4.164132,5.184753,4.388669,3.191140,3.953204,2.891758,3.334027,2.272582,1.952787,0.972992,0.394640,,41.157590
25000000,120.569316,111.911052,101.109483,91.957918,81.037278,71.392413,58.821769,48.071231,38.579460,29.751091,21.330971,14.696937,8.573213,4.082482,1.020621,0.000000,0.000000,0.000000,0.000000,,3.463306,4.320627,3.660626,4.368256,3.857946,5.028258,4.300215,3.796709,3.531347,3.368048,2.653614,2.449489,1.796292,1.224745,0.408248,,40.813471
26000000,119.820861,110.329090,100.803297,90.069770,79.744491,70.014575,59.808369,49.244945,40.314515,30.567588,22.759840,15.054154,8.947441,4.286607,1.156703,0.000000,0.000000,0.000000,0.000000,,3.796709,3.810317,4.293411,4.130111,3.891967,4.082483,4.225369,3.572172,3.898771,3.123099,3.082274,2.442685,1.864334,1.251961,0.462681,,40.464546
27000000,119.208489,109.665686,101.075463,89.763584,78.859954,68.993954,59.093934,48.734635,40.382556,31.894395,23.338192,15.768589,9.593834,4.388669,1.292786,0.000000,0.000000,0.000000,0.000000,,3.817121,3.436089,4.524751,4.361452,3.946400,3.960008,4.143720,3.340832,3.395265,3.422481,3.027841,2.469902,2.082066,1.238353,0.517114,,40.156659
28000000,118.255910,109.920841,98.830097,90.426987,79.710471,69.402203,58.345479,49.449069,39.600080,31.843363,23.678399,16.278899,9.831979,4.745886,1.258765,0.051031,0.000000,0.000000,0.000000,,3.334027,4.436298,3.361244,4.286607,4.123307,4.422689,3.558564,3.939596,3.102687,3.265986,2.959800,2.578768,2.034437,1.394848,0.483094,,39.887172
29000000,117.303331,107.624445,98.523911,89.202243,78.996036,70.116637,59.434141,49.551131,39.327915,30.669650,24.052626,16.789209,10.444351,5.205165,1.428869,0.051031,0.000000,0.000000,0.000000,,3.871554,3.640214,3.728667,4.082482,3.551760,4.272998,3.953204,4.089287,3.463306,2.646809,2.905367,2.537943,2.095674,1.510519,0.551135,,39.624065
30000000,116.316731,106.552793,97.809477,88.793994,79.268202,69.555296,58.685686,49.347007,39.736163,31.690270,23.814481,17.401582,11.022703,5.766507,1.394848,0.051031,0.000000,0.000000,0.000000,,3.905575,3.497327,3.606193,3.810317,3.885163,4.347844,3.735471,3.844338,3.218357,3.150316,2.565160,2.551552,2.102478,1.748663,0.537527,,39.415008
31000000,116.146627,106.501762,97.605352,87.671312,78.587788,68.891892,59.536203,50.214535,40.994928,31.894395,24.222729,16.738178,11.022703,6.123724,1.598972,0.051031,0.000000,0.000000,0.000000,,3.857946,3.558564,3.973616,3.633409,3.878358,3.742276,3.728667,3.687843,3.640214,3.068666,2.993820,2.286190,1.959592,1.809901,0.619177,,39.229000
32000000,115.194048,106.246607,96.448649,87.722343,79.030057,69.402203,58.821769,50.316597,41.471218,32.506767,25.515516,17.605706,11.124765,6.021662,1.973200,0.102062,0.000000,0.000000,0.000000,,3.578976,3.919183,3.490523,3.476914,3.851142,4.232174,3.402069,3.538151,3.585780,2.796501,3.163924,2.592376,2.041241,1.619385,0.748455,,38.945947
33000000,114.717758,104.562583,96.414628,88.334715,78.791912,69.351171,59.910431,50.163504,41.573280,33.323263,23.610357,17.911892,11.669096,5.919600,2.143303,0.153093,0.000000,0.000000,0.000000,,4.062070,3.259182,3.231965,3.817121,3.776296,3.776296,3.898771,3.436089,3.300007,3.885163,2.279386,2.497118,2.299798,1.510519,0.796084,,38.700276
34000000,113.663117,105.328048,96.346587,87.977498,77.737271,67.820241,58.277438,49.295976,41.913487,33.068108,24.188709,18.422202,11.839199,6.685065,2.313407,0.204124,0.000000,0.000000,0.000000,,3.334027,3.592585,3.347636,4.096091,3.966812,3.817121,3.592585,2.952996,3.538151,3.551760,2.306603,2.633201,2.061654,1.748663,0.843713,,38.513459
35000000,113.322910,105.277017,95.428028,87.671312,77.260981,67.514054,57.801148,49.908349,42.117611,32.812953,23.882523,18.218078,11.839199,6.940220,2.279386,0.204124,0.000000,0.000000,0.000000,,3.218357,3.939596,3.102687,4.164132,3.898771,3.885163,3.157120,3.116295,3.721863,3.572172,2.265778,2.551552,1.959592,1.864334,0.830105,,38.453838
36000000,113.322910,105.277017,95.359987,87.824405,77.260981,66.748589,57.528983,50.010411,42.219673,32.812953,23.882523,17.962923,11.873220,6.940220,2.279386,0.204124,0.000000,0.000000,0.000000,,3.218357,3.966812,3.014233,4.225369,4.204957,3.687843,3.007429,3.116295,3.762688,3.572172,2.367840,2.435881,1.973200,1.864334,0.830105,,38.447459
37000000,113.322910,105.277017,95.359987,87.824405,77.260981,66.748589,57.528983,50.010411,42.219673,32.812953,23.882523,17.962923,11.873220,6.940220,2.279386,0.204124,0.000000,0.000000,0.000000,,3.218357,3.966812,3.014233,4.225369,4.204957,3.687843,3.007429,3.116295,3.762688,3.572172,2.367840,2.435881,1.973200,1.864334,0.830105,,38.447459
38000000,113.322910,105.277017,95.359987,87.824405,77.260981,66.748589,57.494962,50.112473,42.219673,32.812953,23.882523,17.962923,11.873220,6.940220,2.279386,0.204124,0.000000,0.000000,0.000000,,3.218357,3.966812,3.014233,4.225369,4.204957,3.701451,2.952996,3.157120,3.762688,3.572172,2.367840,2.435881,1.973200,1.864334,0.830105,,38.446992
39000000,113.458993,105.379080,95.189884,87.824405,78.009436,66.646527,57.563003,49.908349,42.661942,33.272232,23.984585,17.809830,11.839199,7.093313,2.313407,0.204124,0.000000,0.000000,0.000000,,3.231965,4.075678,2.946192,3.925987,4.545164,3.633409,3.061862,2.898563,3.755884,3.715059,2.469902,2.388252,1.898354,1.911963,0.843713,,38.411823
40000000,113.765179,104.460521,95.325966,86.956877,78.281602,67.411992,58.481562,50.775876,42.151632,33.119139,25.209329,18.320140,11.907241,7.348468,2.449489,0.255155,0.000000,0.000000,0.000000,,3.721863,3.653822,3.347636,3.470110,4.347844,3.572172,3.082274,3.449698,3.612997,3.163924,2.755676,2.565160,1.823509,1.959592,0.877734,,38.257156
41000000,113.152807,104.052273,94.509470,86.650691,77.295002,67.054775,58.413520,49.500100,43.206273,33.731512,24.630978,18.371171,11.975282,7.093313,2.653614,0.255155,0.000000,0.000000,0.000000,,3.640214,3.817121,3.143512,3.742276,4.096091,3.456502,3.565368,2.517531,3.789905,3.640214,2.503923,2.558356,1.952787,1.775880,0.959383,,38.123753
42000000,112.948683,103.644024,94.577511,85.936257,76.274381,66.595496,58.039293,50.316597,42.559880,34.037698,25.209329,19.136637,12.247447,6.787127,2.687634,0.306186,0.000000,0.000000,0.000000,,3.721863,3.626605,3.456502,3.864750,3.871554,3.422481,3.089078,3.102687,3.408873,3.531347,2.429077,2.755676,2.184128,1.639797,0.952579,,38.003872
43000000,111.894041,103.541962,94.577511,85.119760,76.308402,67.003744,58.855789,50.877938,41.913487,34.752132,25.617578,19.136637,12.383530,6.991251,2.857738,0.306186,0.000000,0.000000,0.000000,,3.340832,3.585780,3.783100,3.524543,3.721863,3.259182,3.191140,3.585780,2.864542,3.653822,2.592376,2.701243,2.156912,1.653405,1.020621,,37.870554
44000000,111.621876,102.980621,94.305346,85.017698,74.811492,66.646527,59.059913,50.214535,42.015549,33.731512,26.536136,19.391792,12.179406,6.991251,2.891758,0.306186,0.000000,0.000000,0.000000,,3.456502,3.470110,3.715059,4.082483,3.265986,3.034645,3.538151,3.279594,3.313615,2.878150,2.857738,2.884954,2.075262,1.639797,1.034229,,37.759008
45000000,111.213627,103.184745,94.509470,84.609450,74.743450,66.901682,58.549603,50.469690,42.015549,32.812953,27.012426,19.442823,12.179406,6.940220,3.027841,0.357217,0.000000,0.000000,0.000000,,3.211553,3.470110,3.960008,3.946400,3.136707,3.340832,3.231965,3.381656,3.681038,2.320211,3.027841,2.905367,2.095674,1.564952,1.068250,,37.721075
46000000,111.213627,103.133714,94.407408,85.374915,74.709430,66.850651,58.243417,50.418659,41.913487,33.425325,26.842322,19.493854,12.247447,7.144344,2.993820,0.357217,0.034021,0.000000,0.000000,,3.231965,3.490523,3.612997,4.266194,3.143512,3.442894,3.129903,3.402069,3.395265,2.633201,2.939387,2.898563,2.041241,1.660210,1.054641,,37.690116
47000000,111.349710,102.776497,94.543491,84.405326,74.879533,66.289310,58.277438,49.857318,41.845446,33.476357,26.808302,18.881482,12.825799,7.144344,2.891758,0.408248,0.034021,0.000000,0.000000,,3.429285,3.293203,4.055266,3.810317,3.436089,3.204749,3.368048,3.204749,3.347636,2.667222,3.170728,2.422273,2.272582,1.701034,0.993404,,37.633727
48000000,111.383731,102.776497,94.645553,84.405326,74.913554,66.289310,58.277438,49.653193,41.845446,33.476357,26.808302,18.881482,12.791778,7.144344,2.891758,0.408248,0.034021,0.000000,0.000000,,3.442894,3.252378,4.096091,3.796709,3.449698,3.204749,3.449698,3.123099,3.347636,2.667222,3.170728,2.435881,2.258974,1.701034,0.993404,,37.632749
49000000,111.383731,102.776497,94.645553,84.405326,74.913554,66.289310,58.277438,49.653193,41.845446,33.476357,26.808302,18.830451,12.825799,7.144344,2.891758,0.408248,0.034021,0.000000,0.000000,,3.442894,3.252378,4.096091,3.796709,3.449698,3.204749,3.449698,3.123099,3.347636,2.667222,3.191140,2.401861,2.272582,1.701034,0.993404,,37.632706
50000000,111.383731,102.776497,94.645553,84.405326,74.913554,66.289310,58.277438,49.653193,41.845446,33.476357,26.774281,18.881482,12.825799,7.144344,2.891758,0.408248,0.034021,0.000000,0.000000,,3.442894,3.252378,4.096091,3.796709,3.449698,3.204749,3.449698,3.123099,3.347636,2.680830,3.157120,2.422273,2.272582,1.701034,0.993404,,37.632069
51000000,111.281669,102.317218,94.033180,84.864605,76.070257,66.748589,58.719707,50.010411,42.083590,33.017077,26.808302,18.779419,12.961882,7.348468,2.891758,0.510310,0.034021,0.000000,0.000000,,3.585780,3.313615,3.667430,3.517739,3.728667,3.211553,3.483718,3.170728,3.626605,2.483510,3.211553,2.327015,2.245365,1.782684,0.952579,,37.585503
52000000,111.179607,102.674435,94.135242,83.741922,75.253761,66.442403,59.025893,50.826907,42.185652,32.404705,26.808302,19.391792,12.893841,7.654655,2.993820,0.561341,0.034021,0.000000,0.000000,,3.402069,3.415677,4.157328,3.395265,3.524543,2.966604,3.279594,3.456502,3.912379,2.238561,2.966604,2.599181,2.095674,1.864334,0.972992,,37.502195
53000000,110.839400,101.857938,93.250704,85.119760,75.185719,67.667147,58.651665,50.980000,42.015549,33.527388,27.182529,20.055195,12.961882,7.654655,3.129903,0.510310,0.034021,0.000000,0.000000,,3.592585,3.442894,3.252378,3.973616,3.007429,3.606193,3.068666,3.585780,3.395265,2.537943,2.850934,2.837325,2.122891,1.809901,1.047837,,37.383165
54000000,110.465172,102.011031,93.318746,85.017698,75.151699,66.697558,57.869189,50.265566,41.743384,35.007287,27.862943,20.208288,13.063944,7.756717,3.129903,0.510310,0.034021,0.000000,0.000000,,3.381656,3.476914,3.320419,3.946400,3.381656,3.531347,3.041449,3.408873,2.694438,2.857738,3.061862,2.857738,2.122891,1.850725,1.047837,,37.273958
55000000,110.261048,101.602783,93.250704,84.660481,74.879533,66.595496,57.903210,50.265566,41.335135,35.109350,27.794902,20.259319,13.029923,7.756717,3.129903,0.510310,0.034021,0.000000,0.000000,,3.463306,3.340832,3.436089,3.912379,3.313615,3.476914,3.055058,3.572172,2.490314,2.925779,3.014233,2.891758,2.109283,1.850725,1.047837,,37.257543
56000000,110.261048,101.602783,93.250704,84.660481,74.879533,66.595496,57.903210,50.265566,41.335135,35.109350,27.794902,20.259319,13.029923,7.756717,3.129903,0.510310,0.034021,0.000000,0.000000,,3.463306,3.340832,3.436089,3.912379,3.313615,3.476914,3.055058,3.572172,2.490314,2.925779,3.014233,2.891758,2.109283,1.850725,1.047837,,37.257543
57000000,110.261048,101.602783,93.250704,84.660481,74.879533,66.595496,57.903210,50.265566,41.335135,35.109350,27.794902,20.259319,13.029923,7.756717,3.129903,0.510310,0.034021,0.000000,0.000000,,3.463306,3.340832,3.436089,3.912379,3.313615,3.476914,3.055058,3.572172,2.490314,2.925779,3.014233,2.891758,2.109283,1.850725,1.047837,,37.257543
58000000,110.261048,101.602783,92.638332,84.813574,75.219740,66.799620,57.597024,50.163504,41.403177,35.262443,27.760881,20.310350,12.961882,7.756717,3.129903,0.510310,0.034021,0.000000,0.000000,,3.463306,3.585780,3.129903,3.837534,3.368048,3.681038,2.973408,3.504131,2.456294,3.000625,2.980212,2.939387,2.082066,1.850725,1.047837,,37.235472
59000000,110.397131,101.602783,92.638332,84.813574,75.219740,66.646527,57.631045,50.163504,41.403177,35.262443,27.760881,20.310350,12.961882,7.756717,3.129903,0.510310,0.034021,0.000000,0.000000,,3.517739,3.585780,3.129903,3.837534,3.429285,3.606193,2.987016,3.504131,2.456294,3.000625,2.980212,2.939387,2.082066,1.850725,1.047837,,37.234026
60000000,110.397131,101.602783,92.638332,84.813574,75.219740,66.646527,57.699086,50.163504,41.403177,35.262443,27.760881,20.310350,12.961882,7.756717,3.129903,0.510310,0.034021,0.000000,0.000000,,3.517739,3.585780,3.129903,3.837534,3.429285,3.578976,3.014233,3.504131,2.456294,3.000625,2.980212,2.939387,2.082066,1.850725,1.047837,,37.233516
61000000,110.397131,101.602783,92.638332,84.813574,75.219740,66.646527,57.699086,50.163504,41.403177,35.262443,27.760881,20.310350,12.961882,7.756717,3.129903,0.561341,0.034021,0.000000,0.000000,,3.517739,3.585780,3.129903,3.837534,3.429285,3.578976,3.014233,3.504131,2.456294,3.000625,2.980212,2.939387,2.082066,1.850725,1.027425,,37.233389
62000000,110.397131,101.602783,92.638332,84.813574,75.287781,66.697558,57.699086,50.163504,41.403177,35.262443,27.760881,20.310350,12.961882,7.756717,3.129903,0.561341,0.034021,0.000000,0.000000,,3.517739,3.585780,3.129903,3.810317,3.436089,3.599389,3.014233,3.504131,2.456294,3.000625,2.980212,2.939387,2.082066,1.850725,1.027425,,37.233304
63000000,110.329090,101.755876,92.570291,84.915636,75.287781,66.697558,57.665065,50.214535,41.437197,35.262443,27.760881,20.310350,12.995903,7.552593,3.231965,0.561341,0.034021,0.000000,0.000000,,3.429285,3.674234,3.061862,3.851142,3.436089,3.612997,2.980212,3.510935,2.469902,3.000625,2.980212,2.925779,2.177324,1.728251,1.068250,,37.228711
64000000,110.329090,101.704845,92.604311,84.660481,75.321802,66.697558,57.563003,50.265566,41.437197,35.262443,27.760881,20.310350,13.029923,7.552593,3.231965,0.561341,0.034021,0.000000,0.000000,,3.449698,3.640214,3.177532,3.735471,3.449698,3.653822,2.918975,3.531347,2.469902,3.000625,2.980212,2.912171,2.190932,1.728251,1.068250,,37.226457
65000000,110.329090,101.704845,92.604311,84.303264,75.525926,66.646527,57.597024,50.418659,41.437197,35.262443,27.760881,20.310350,13.029923,7.552593,3.231965,0.561341,0.034021,0.000000,0.000000,,3.449698,3.640214,3.320419,3.510935,3.551760,3.619801,2.871346,3.592585,2.469902,3.000625,2.980212,2.912171,2.190932,1.728251,1.068250,,37.222289
66000000,110.329090,101.704845,92.604311,84.303264,75.525926,66.646527,57.597024,50.418659,41.437197,35.262443,27.760881,20.310350,13.029923,7.552593,3.231965,0.561341,0.034021,0.000000,0.000000,,3.449698,3.640214,3.320419,3.510935,3.551760,3.619801,2.871346,3.592585,2.469902,3.000625,2.980212,2.912171,2.190932,1.728251,1.068250,,37.221992
67000000,110.329090,101.704845,92.604311,84.303264,75.559947,66.646527,57.597024,50.418659,41.471218,35.262443,27.760881,20.310350,13.029923,7.552593,3.231965,0.561341,0.034021,0.000000,0.000000,,3.449698,3.640214,3.320419,3.497327,3.565368,3.619801,2.871346,3.578976,2.483510,3.000625,2.980212,2.912171,2.190932,1.728251,1.068250,,37.220631
68000000,110.329090,101.704845,92.604311,84.303264,75.559947,66.646527,57.597024,50.418659,41.471218,35.262443,27.760881,20.463444,13.029923,7.552593,3.231965,0.561341,0.034021,0.000000,0.000000,,3.449698,3.640214,3.320419,3.497327,3.565368,3.619801,2.871346,3.578976,2.483510,3.000625,2.918975,2.973408,2.190932,1.728251,1.068250,,37.220333
69000000,110.329090,101.704845,92.604311,84.303264,75.559947,66.646527,57.597024,50.418659,41.471218,35.262443,27.760881,20.463444,13.029923,7.552593,3.231965,0.561341,0.034021,0.000000,0.000000,,3.449698,3.640214,3.320419,3.497327,3.565368,3.619801,2.871346,3.578976,2.483510,3.000625,2.918975,2.973408,2.190932,1.728251,1.068250,,37.220248
70000000,110.329090,101.704845,92.604311,84.303264,75.559947,66.646527,57.597024,50.418659,41.471218,35.262443,27.760881,20.463444,13.063944,7.552593,3.231965,0.561341,0.034021,0.000000,0.000000,,3.449698,3.640214,3.320419,3.497327,3.565368,3.619801,2.871346,3.578976,2.483510,3.000625,2.918975,2.959800,2.204541,1.728251,1.068250,,37.220121
71000000,110.329090,101.704845,92.604311,84.303264,75.559947,66.646527,57.597024,50.418659,41.471218,35.262443,27.760881,20.565506,13.063944,7.552593,3.231965,0.561341,0.034021,0.000000,0.000000,,3.449698,3.640214,3.320419,3.497327,3.565368,3.619801,2.871346,3.578976,2.483510,3.000625,2.878150,3.000625,2.204541,1.728251,1.068250,,37.219908
72000000,110.329090,101.704845,92.604311,84.303264,75.559947,66.646527,57.597024,50.418659,41.505239,35.262443,27.760881,20.565506,13.063944,7.552593,3.231965,0.561341,0.034021,0.000000,0.000000,,3.449698,3.640214,3.320419,3.497327,3.565368,3.619801,2.871346,3.565368,2.497118,3.000625,2.878150,3.000625,2.204541,1.728251,1.068250,,37.219738
73000000,110.329090,101.704845,92.604311,84.303264,75.559947,66.646527,57.597024,50.418659,41.505239,35.262443,27.760881,20.565506,13.063944,7.552593,3.265986,0.561341,0.034021,0.000000,0.000000,,3.449698,3.640214,3.320419,3.497327,3.565368,3.619801,2.871346,3.565368,2.497118,3.000625,2.878150,3.000625,2.204541,1.714643,1.081858,,37.219483
74000000,110.261048,101.755876,92.604311,84.303264,75.559947,66.646527,57.597024,50.010411,41.709363,35.313474,27.726860,20.565506,13.063944,7.552593,3.300007,0.561341,0.034021,0.000000,0.000000,,3.402069,3.660626,3.320419,3.497327,3.565368,3.619801,3.034645,3.320419,2.558356,3.034645,2.864542,3.000625,2.204541,1.701034,1.095466,,37.215783
75000000,110.329090,101.755876,92.604311,84.303264,75.559947,66.646527,57.597024,50.010411,41.709363,35.313474,27.726860,20.565506,13.063944,7.552593,3.300007,0.561341,0.034021,0.000000,0.000000,,3.429285,3.660626,3.320419,3.497327,3.565368,3.619801,3.034645,3.320419,2.558356,3.034645,2.864542,3.000625,2.204541,1.701034,1.095466,,37.215570
76000000,110.329090,101.755876,92.604311,84.303264,75.559947,66.646527,57.597024,50.010411,41.709363,35.313474,27.726860,20.565506,13.063944,7.552593,3.300007,0.561341,0.034021,0.000000,0.000000,,3.429285,3.660626,3.320419,3.497327,3.565368,3.619801,3.034645,3.320419,2.558356,3.034645,2.864542,3.000625,2.204541,1.701034,1.095466,,37.215443
77000000,110.329090,101.755876,92.604311,84.303264,75.559947,66.646527,57.597024,50.010411,41.709363,35.313474,27.726860,20.565506,13.063944,7.552593,3.300007,0.561341,0.034021,0.000000,0.000000,,3.429285,3.660626,3.320419,3.497327,3.565368,3.619801,3.034645,3.320419,2.558356,3.034645,2.864542,3.000625,2.204541,1.701034,1.095466,,37.215400
78000000,110.329090,101.755876,92.604311,84.303264,75.559947,66.646527,57.597024,50.010411,41.709363,35.313474,27.726860,20.565506,13.063944,7.552593,3.300007,0.561341,0.034021,0.000000,0.000000,,3.429285,3.660626,3.320419,3.497327,3.565368,3.619801,3.034645,3.320419,2.558356,3.034645,2.864542,3.000625,2.204541,1.701034,1.095466,,37.215102
79000000,110.329090,101.755876,92.604311,84.303264,75.559947,66.646527,57.597024,50.010411,41.709363,35.313474,27.726860,20.565506,13.063944,7.552593,3.300007,0.561341,0.034021,0.000000,0.000000,,3.429285,3.660626,3.320419,3.497327,3.565368,3.619801,3.034645,3.320419,2.558356,3.034645,2.864542,3.000625,2.204541,1.701034,1.095466,,37.215145
80000000,110.329090,101.755876,92.604311,84.303264,75.559947,66.646527,57.597024,49.959380,41.743384,35.313474,27.726860,20.565506,13.063944,7.552593,3.300007,0.561341,0.034021,0.000000,0.000000,,3.429285,3.660626,3.320419,3.497327,3.565368,3.619801,3.055058,3.286398,2.571964,3.034645,2.864542,3.000625,2.204541,1.701034,1.095466,,37.214890
81000000,110.329090,101.755876,92.604311,84.303264,75.559947,66.646527,57.597024,49.959380,41.743384,35.313474,27.726860,20.565506,13.063944,7.552593,3.300007,0.561341,0.034021,0.000000,0.000000,,3.429285,3.660626,3.320419,3.497327,3.565368,3.619801,3.055058,3.286398,2.571964,3.034645,2.864542,3.000625,2.204541,1.701034,1.095466,,37.214975
82000000,110.329090,101.755876,92.604311,84.303264,75.559947,66.646527,57.563003,49.959380,41.743384,35.313474,27.590778,20.667568,13.131985,7.552593,3.300007,0.561341,0.034021,0.000000,0.000000,,3.429285,3.660626,3.320419,3.497327,3.565368,3.633409,3.041449,3.286398,2.571964,3.089078,2.769284,3.014233,2.231757,1.701034,1.095466,,37.212891
83000000,110.329090,101.755876,92.604311,84.303264,75.559947,66.646527,57.563003,49.959380,41.743384,35.262443,27.624798,20.667568,13.131985,7.501562,3.334027,0.561341,0.034021,0.000000,0.000000,,3.429285,3.660626,3.320419,3.497327,3.565368,3.633409,3.041449,3.286398,2.592376,3.055058,2.782892,3.014233,2.252170,1.667014,1.109074,,37.212296
84000000,110.329090,101.755876,92.604311,84.303264,75.559947,66.646527,57.563003,49.959380,41.743384,35.262443,27.624798,20.667568,13.131985,7.654655,3.334027,0.561341,0.034021,0.000000,0.000000,,3.429285,3.660626,3.320419,3.497327,3.565368,3.633409,3.041449,3.286398,2.592376,3.055058,2.782892,3.014233,2.190932,1.728251,1.109074,,37.211573
85000000,110.295069,101.755876,92.604311,84.303264,75.423864,66.697558,57.460941,49.551131,41.913487,35.619660,27.590778,20.667568,13.166006,7.654655,3.334027,0.561341,0.034021,0.000000,0.000000,,3.415677,3.660626,3.320419,3.551760,3.490523,3.694647,3.163924,3.055058,2.517531,3.211553,2.769284,3.000625,2.204541,1.728251,1.109074,,37.203748
86000000,109.988883,102.011031,92.604311,84.507388,75.423864,66.697558,57.018672,49.806286,41.879466,35.721722,27.420674,20.259319,13.506213,7.654655,3.334027,0.561341,0.068041,0.000000,0.000000,,3.191140,3.762688,3.238769,3.633409,3.490523,3.871554,2.884954,3.170728,2.463098,3.320419,2.864542,2.701243,2.340623,1.728251,1.109074,,37.185887
87000000,109.988883,102.011031,92.604311,84.507388,75.423864,66.697558,57.018672,49.806286,41.879466,35.721722,27.352633,20.310350,13.506213,7.654655,3.334027,0.561341,0.068041,0.000000,0.000000,,3.191140,3.762688,3.238769,3.633409,3.490523,3.871554,2.884954,3.170728,2.463098,3.347636,2.816913,2.721655,2.340623,1.728251,1.109074,,37.185419
88000000,109.988883,102.011031,92.604311,84.507388,75.423864,66.697558,57.018672,49.806286,41.879466,35.721722,27.352633,20.310350,13.506213,7.654655,3.334027,0.561341,0.068041,0.000000,0.000000,,3.191140,3.762688,3.238769,3.633409,3.490523,3.871554,2.884954,3.170728,2.463098,3.347636,2.816913,2.721655,2.340623,1.728251,1.109074,,37.185504
89000000,109.988883,102.011031,92.604311,84.507388,75.423864,66.697558,57.018672,49.806286,41.879466,35.721722,27.352633,20.310350,13.506213,7.654655,3.334027,0.561341,0.068041,0.000000,0.000000,,3.191140,3.762688,3.238769,3.633409,3.490523,3.871554,2.884954,3.170728,2.463098,3.347636,2.816913,2.721655,2.340623,1.728251,1.109074,,37.185504
90000000,109.988883,102.011031,92.604311,84.507388,75.423864,66.697558,57.018672,49.806286,41.879466,35.721722,27.352633,20.310350,13.506213,7.654655,3.334027,0.561341,0.068041,0.000000,0.000000,,3.191140,3.762688,3.238769,3.633409,3.490523,3.871554,2.884954,3.170728,2.463098,3.347636,2.816913,2.721655,2.340623,1.728251,1.109074,,37.185504
91000000,109.988883,102.011031,92.604311,84.507388,75.423864,66.697558,57.018672,49.806286,41.879466,35.721722,27.352633,20.310350,13.506213,7.654655,3.334027,0.561341,0.068041,0.000000,0.000000,,3.191140,3.762688,3.238769,3.633409,3.490523,3.871554,2.884954,3.170728,2.463098,3.347636,2.816913,2.721655,2.340623,1.728251,1.109074,,37.185334
92000000,109.988883,102.011031,92.604311,84.507388,75.423864,66.697558,57.018672,49.806286,41.879466,35.721722,27.352633,20.310350,13.506213,7.654655,3.334027,0.561341,0.068041,0.000000,0.000000,,3.191140,3.762688,3.238769,3.633409,3.490523,3.871554,2.884954,3.170728,2.463098,3.347636,2.816913,2.721655,2.340623,1.728251,1.109074,,37.184824
93000000,109.988883,102.011031,92.604311,84.507388,75.423864,66.697558,57.018672,49.806286,41.879466,35.721722,27.352633,20.310350,13.506213,7.654655,3.334027,0.561341,0.068041,0.000000,0.000000,,3.191140,3.762688,3.238769,3.633409,3.490523,3.871554,2.884954,3.170728,2.463098,3.347636,2.816913,2.721655,2.340623,1.728251,1.109074,,37.184824
94000000,109.988883,102.011031,92.604311,84.507388,75.423864,66.697558,57.018672,49.806286,41.879466,35.721722,27.284591,20.259319,13.676316,7.654655,3.334027,0.561341,0.068041,0.000000,0.000000,,3.191140,3.762688,3.238769,3.633409,3.490523,3.871554,2.884954,3.170728,2.463098,3.374852,2.810109,2.633201,2.408665,1.728251,1.109074,,37.183676
95000000,109.852800,101.908969,92.740394,84.813574,75.253761,67.054775,58.141355,50.469690,41.981528,35.823784,27.692840,20.310350,13.336109,7.909810,3.402069,0.612372,0.068041,0.000000,0.000000,,3.177532,3.667430,3.170728,3.823925,3.279594,3.565368,3.068666,3.395265,2.463098,3.252378,2.952996,2.789696,2.170520,1.803096,1.115879,,37.129200
96000000,109.852800,101.551752,92.128022,83.537798,75.662009,66.442403,58.209396,50.316597,41.471218,35.772753,27.692840,20.259319,13.370130,8.113934,3.402069,0.663403,0.102062,0.000000,0.000000,,3.320419,3.769492,3.436089,3.150316,3.687843,3.293203,3.157120,3.538151,2.279386,3.231965,2.973408,2.755676,2.102478,1.884746,1.095466,,37.097731
97000000,109.852800,101.551752,92.128022,83.537798,75.662009,66.442403,58.209396,50.316597,41.471218,35.772753,27.692840,20.259319,13.370130,8.113934,3.402069,0.663403,0.102062,0.000000,0.000000,,3.320419,3.769492,3.436089,3.150316,3.687843,3.293203,3.157120,3.538151,2.279386,3.231965,2.973408,2.755676,2.102478,1.884746,1.095466,,37.097604
98000000,109.852800,101.551752,92.059980,83.588829,75.662009,66.442403,58.209396,50.316597,41.471218,35.772753,27.692840,20.259319,13.370130,8.113934,3.402069,0.663403,0.102062,0.000000,0.000000,,3.320419,3.796709,3.388460,3.170728,3.687843,3.293203,3.157120,3.538151,2.279386,3.231965,2.973408,2.755676,2.102478,1.884746,1.095466,,37.096328
99000000,109.682697,101.602783,92.059980,83.639860,75.355823,67.003744,58.651665,50.469690,41.471218,35.823784,27.726860,20.259319,13.540234,8.062903,3.402069,0.714434,0.102062,0.000000,0.000000,,3.231965,3.817121,3.368048,3.313615,3.340832,3.340832,3.272790,3.599389,2.258974,3.238769,2.987016,2.687634,2.190932,1.864334,1.075054,,37.072471
100000000,109.614655,101.143504,91.957918,83.895015,75.321802,66.493434,58.379500,50.622783,41.505239,35.772753,27.760881,20.259319,13.404151,8.113934,3.402069,0.714434,0.102062,0.000000,0.000000,,3.388460,3.674234,3.225161,3.429285,3.531347,3.245574,3.102687,3.647018,2.292994,3.204749,3.000625,2.742067,2.116087,1.884746,1.075054,,37.058140
101000000,109.614655,101.143504,91.957918,83.895015,75.321802,66.493434,58.379500,50.622783,41.505239,35.772753,27.760881,20.259319,13.404151,8.113934,3.402069,0.714434,0.102062,0.000000,0.000000,,3.388460,3.674234,3.225161,3.429285,3.531347,3.245574,3.102687,3.647018,2.292994,3.204749,3.000625,2.742067,2.116087,1.884746,1.075054,,37.058097
102000000,109.614655,101.143504,91.957918,83.895015,75.321802,66.493434,58.379500,50.622783,41.539259,35.772753,27.760881,20.259319,13.404151,8.113934,3.402069,0.714434,0.102062,0.000000,0.000000,,3.388460,3.674234,3.225161,3.429285,3.531347,3.245574,3.102687,3.633409,2.306603,3.204749,3.000625,2.742067,2.116087,1.884746,1.075054,,37.057757
103000000,109.614655,101.143504,91.957918,83.895015,75.321802,66.493434,58.379500,50.622783,41.539259,35.772753,27.760881,20.259319,13.404151,7.909810,3.402069,0.714434,0.102062,0.000000,0.000000,,3.388460,3.674234,3.225161,3.429285,3.531347,3.245574,3.102687,3.633409,2.306603,3.204749,3.000625,2.742067,2.197736,1.803096,1.075054,,37.057034
104000000,109.614655,101.194535,91.991939,83.895015,75.321802,66.493434,58.379500,50.622783,41.539259,35.772753,27.760881,20.259319,13.404151,7.909810,3.402069,0.714434,0.102062,0.000000,0.000000,,3.368048,3.681038,3.238769,3.429285,3.531347,3.245574,3.102687,3.633409,2.306603,3.204749,3.000625,2.742067,2.197736,1.803096,1.075054,,37.056566
105000000,109.614655,101.194535,91.991939,83.895015,75.321802,66.493434,58.379500,50.622783,41.539259,35.772753,27.760881,20.259319,13.404151,7.909810,3.402069,0.714434,0.102062,0.000000,0.000000,,3.368048,3.681038,3.238769,3.429285,3.531347,3.245574,3.102687,3.633409,2.306603,3.204749,3.000625,2.742067,2.197736,1.803096,1.075054,,37.056438
106000000,109.614655,101.194535,91.991939,83.895015,75.321802,66.493434,58.379500,50.622783,41.539259,35.772753,27.760881,20.259319,13.404151,7.909810,3.402069,0.714434,0.102062,0.000000,0.000000,,3.368048,3.681038,3.238769,3.429285,3.531347,3.245574,3.102687,3.633409,2.306603,3.204749,3.000625,2.742067,2.197736,1.803096,1.075054,,37.056353
107000000,109.614655,101.194535,91.957918,83.946046,75.185719,66.544465,58.413520,50.622783,41.539259,35.772753,27.760881,20.259319,13.234047,8.113934,3.402069,0.714434,0.102062,0.000000,0.000000,,3.368048,3.694647,3.204749,3.504131,3.456502,3.252378,3.116295,3.633409,2.306603,3.204749,3.000625,2.810109,2.048045,1.884746,1.075054,,37.051591
108000000,109.614655,101.194535,91.957918,83.946046,75.185719,66.544465,58.413520,50.622783,41.539259,35.772753,27.760881,20.208288,13.268068,8.113934,3.402069,0.714434,0.102062,0.000000,0.000000,,3.368048,3.694647,3.204749,3.504131,3.456502,3.252378,3.116295,3.633409,2.306603,3.204749,3.021037,2.776088,2.061654,1.884746,1.075054,,37.050995
109000000,109.614655,101.194535,91.957918,83.946046,75.185719,66.544465,58.413520,50.622783,41.539259,35.772753,27.760881,20.208288,13.268068,8.113934,3.402069,0.714434,0.102062,0.000000,0.000000,,3.368048,3.694647,3.204749,3.504131,3.456502,3.252378,3.116295,3.633409,2.306603,3.204749,3.021037,2.776088,2.061654,1.884746,1.075054,,37.050825
110000000,109.614655,101.194535,91.957918,83.946046,75.185719,66.544465,58.413520,50.622783,41.539259,35.772753,27.760881,20.208288,13.268068,8.113934,3.402069,0.714434,0.102062,0.000000,0.000000,,3.368048,3.694647,3.204749,3.504131,3.456502,3.252378,3.116295,3.633409,2.306603,3.204749,3.021037,2.776088,2.061654,1.884746,1.075054,,37.050783
111000000,109.614655,101.194535,91.957918,83.946046,75.185719,66.544465,58.413520,50.622783,41.539259,35.670691,27.794902,20.208288,13.268068,8.113934,3.402069,0.714434,0.102062,0.000000,0.000000,,3.368048,3.694647,3.204749,3.504131,3.456502,3.252378,3.116295,3.633409,2.347427,3.150316,3.034645,2.776088,2.061654,1.884746,1.075054,,37.050145
112000000,109.614655,101.194535,91.957918,83.946046,75.185719,66.544465,58.413520,50.622783,41.539259,35.670691,27.794902,20.208288,13.268068,8.113934,3.402069,0.714434,0.102062,0.000000,0.000000,,3.368048,3.694647,3.204749,3.504131,3.456502,3.252378,3.116295,3.633409,2.347427,3.150316,3.034645,2.776088,2.061654,1.884746,1.075054,,37.049890
113000000,109.614655,101.194535,91.957918,83.946046,75.185719,66.544465,58.413520,50.622783,41.539259,35.670691,27.794902,20.208288,13.268068,8.113934,3.402069,0.714434,0.102062,0.000000,0.000000,,3.368048,3.694647,3.204749,3.504131,3.456502,3.252378,3.116295,3.633409,2.347427,3.150316,3.034645,2.776088,2.061654,1.884746,1.075054,,37.049677
114000000,109.614655,101.194535,91.957918,83.946046,75.185719,66.544465,58.413520,50.622783,41.539259,35.670691,27.794902,20.208288,13.268068,8.113934,3.402069,0.714434,0.102062,0.000000,0.000000,,3.368048,3.694647,3.204749,3.504131,3.456502,3.252378,3.116295,3.633409,2.347427,3.150316,3.034645,2.776088,2.061654,1.884746,1.075054,,37.049847
115000000,109.614655,101.194535,92.094001,83.946046,74.947575,66.799620,58.549603,50.928969,41.573280,35.313474,27.862943,20.157257,13.438172,8.011872,3.470110,0.714434,0.102062,0.000000,0.000000,,3.368048,3.640214,3.259182,3.599389,3.259182,3.300007,3.048254,3.742276,2.503923,2.980212,3.082274,2.687634,2.170520,1.816705,1.102270,,37.035176
116000000,109.546614,101.041442,91.991939,84.099139,74.879533,66.850651,58.481562,50.775876,41.471218,35.466567,27.828922,20.157257,13.438172,8.011872,3.436089,0.765465,0.102062,0.000000,0.000000,,3.402069,3.619801,3.157120,3.687843,3.211553,3.347636,3.082274,3.721863,2.401861,3.055058,3.068666,2.687634,2.170520,1.830313,1.068250,,37.019994
117000000,109.546614,101.041442,91.957918,84.099139,74.879533,66.850651,58.481562,50.775876,41.301115,35.823784,27.828922,20.157257,13.438172,8.011872,3.436089,0.765465,0.102062,0.000000,0.000000,,3.402069,3.633409,3.143512,3.687843,3.211553,3.347636,3.082274,3.789905,2.190932,3.197945,3.068666,2.687634,2.170520,1.830313,1.068250,,37.019101
118000000,109.546614,101.041442,91.957918,84.099139,74.879533,66.850651,58.481562,50.775876,41.301115,35.823784,27.760881,20.157257,13.438172,8.011872,3.436089,0.765465,0.102062,0.000000,0.000000,,3.402069,3.633409,3.143512,3.687843,3.211553,3.347636,3.082274,3.789905,2.190932,3.225161,3.041449,2.687634,2.170520,1.830313,1.068250,,37.018676
119000000,109.546614,101.041442,91.957918,84.099139,74.879533,66.850651,58.481562,50.775876,41.301115,35.823784,27.760881,20.157257,13.438172,8.011872,3.436089,0.765465,0.102062,0.000000,0.000000,,3.402069,3.633409,3.143512,3.687843,3.211553,3.347636,3.082274,3.789905,2.190932,3.225161,3.041449,2.687634,2.170520,1.830313,1.068250,,37.018590
120000000,109.546614,101.041442,91.957918,84.099139,74.471285,66.901682,58.515582,50.775876,41.301115,35.823784,27.760881,20.157257,13.438172,8.062903,3.436089,0.765465,0.102062,0.000000,0.000000,,3.402069,3.633409,3.143512,3.851142,3.027841,3.354440,3.095883,3.789905,2.190932,3.225161,3.041449,2.687634,2.150107,1.850725,1.068250,,37.015061
121000000,109.546614,101.041442,91.957918,84.099139,74.471285,66.901682,58.515582,50.775876,41.301115,35.823784,27.760881,20.157257,13.438172,8.062903,3.436089,0.765465,0.102062,0.000000,0.000000,,3.402069,3.633409,3.143512,3.851142,3.027841,3.354440,3.095883,3.789905,2.190932,3.225161,3.041449,2.687634,2.150107,1.850725,1.068250,,37.014933
122000000,109.546614,101.041442,91.957918,84.099139,74.471285,66.901682,58.515582,50.775876,41.301115,35.823784,27.760881,20.157257,13.438172,8.062903,3.436089,0.765465,0.102062,0.000000,0.000000,,3.402069,3.633409,3.143512,3.851142,3.027841,3.354440,3.095883,3.789905,2.190932,3.225161,3.041449,2.687634,2.150107,1.850725,1.068250,,37.014721
123000000,109.546614,101.041442,91.957918,84.099139,74.471285,66.901682,58.515582,50.775876,41.301115,35.823784,27.760881,20.157257,13.438172,8.062903,3.436089,0.765465,0.102062,0.000000,0.000000,,3.402069,3.633409,3.143512,3.851142,3.027841,3.354440,3.095883,3.789905,2.190932,3.225161,3.041449,2.687634,2.150107,1.850725,1.068250,,37.014806
124000000,109.546614,101.041442,91.957918,83.997077,74.573347,66.952713,58.209396,50.877938,41.267094,35.619660,27.692840,20.157257,13.268068,8.113934,3.436089,0.765465,0.102062,0.000000,0.000000,,3.402069,3.633409,3.184336,3.769492,3.048254,3.497327,2.932583,3.844338,2.258974,3.170728,3.014233,2.755676,2.061654,1.871138,1.068250,,37.001112
125000000,109.512593,101.041442,91.957918,83.997077,74.573347,66.952713,58.209396,50.928969,41.335135,35.619660,27.896964,20.157257,13.302089,8.113934,3.436089,0.765465,0.102062,0.000000,0.000000,,3.388460,3.633409,3.184336,3.769492,3.048254,3.497327,2.912171,3.837534,2.286190,3.089078,3.095883,2.742067,2.075262,1.871138,1.068250,,36.998433
126000000,109.512593,101.041442,91.957918,83.997077,74.573347,66.952713,58.209396,50.928969,41.335135,35.619660,27.896964,20.157257,13.302089,8.113934,3.436089,0.765465,0.102062,0.000000,0.000000,,3.388460,3.633409,3.184336,3.769492,3.048254,3.497327,2.912171,3.837534,2.286190,3.089078,3.095883,2.742067,2.075262,1.871138,1.068250,,36.998348
127000000,109.070324,101.347628,92.230084,84.048108,74.607368,66.748589,58.039293,51.082062,41.369156,35.619660,27.896964,20.157257,13.302089,8.113934,3.402069,0.765465,0.102062,0.000000,0.000000,,3.089078,3.647018,3.272790,3.776296,3.143512,3.483718,2.782892,3.885163,2.299798,3.089078,3.095883,2.742067,2.075262,1.884746,1.054641,,36.989078
128000000,109.070324,101.347628,92.230084,84.048108,74.607368,66.748589,58.039293,51.082062,41.369156,35.619660,27.896964,20.157257,13.302089,8.113934,3.402069,0.765465,0.102062,0.000000,0.000000,,3.089078,3.647018,3.272790,3.776296,3.143512,3.483718,2.782892,3.885163,2.299798,3.089078,3.095883,2.742067,2.075262,1.884746,1.054641,,36.989035
129000000,108.900221,101.806907,92.128022,84.405326,74.539326,66.187248,58.141355,49.755255,43.002149,36.027908,27.896964,19.646947,13.404151,8.420120,3.402069,0.765465,0.102062,0.000000,0.000000,,2.837325,3.871554,3.089078,3.946400,3.340832,3.218357,3.354440,2.701243,2.789696,3.252378,3.300007,2.497118,1.993612,2.007221,1.054641,,36.945446
130000000,108.900221,101.398659,91.787815,84.252233,75.491906,65.421782,58.651665,50.673814,42.185652,34.599039,28.237171,20.871692,13.676316,8.267027,3.674234,0.765465,0.102062,0.000000,0.000000,,3.000625,3.844338,3.014233,3.504131,4.028049,2.708047,3.191140,3.395265,3.034645,2.544747,2.946192,2.878150,2.163716,1.837117,1.163508,,36.857843
131000000,108.968262,100.990411,92.025960,84.354295,75.185719,65.778999,57.733107,50.316597,42.832046,34.854194,28.067067,20.463444,14.254668,8.522182,3.708255,0.765465,0.102062,0.000000,0.000000,,3.191140,3.585780,3.068666,3.667430,3.762688,3.218357,2.966604,2.993821,3.191140,2.714851,3.041449,2.483510,2.292994,1.925571,1.177116,,36.776193
132000000,108.491972,100.888349,91.685753,84.966667,75.593968,65.523844,57.665065,50.520721,42.219673,35.517598,28.271191,20.412412,14.186627,8.828368,3.776296,0.765465,0.102062,0.000000,0.000000,,3.041449,3.681038,2.687634,3.749080,4.028049,3.143512,2.857738,3.320419,2.680830,2.898563,3.143512,2.490314,2.143303,2.020829,1.204332,,36.715296
133000000,108.287848,100.429069,91.481629,83.690891,75.287781,65.523844,58.005272,50.520721,42.593901,35.721722,28.271191,20.616537,14.322709,8.420120,3.912379,0.867528,0.102062,0.000000,0.000000,,3.143512,3.578976,3.116295,3.361244,3.905575,3.007429,2.993821,3.170728,2.748872,2.980212,3.061862,2.517531,2.361036,1.803096,1.217941,,36.640876
134000000,106.790938,100.071852,91.005339,84.303264,75.389843,64.962503,57.665065,50.316597,42.627921,35.721722,28.169129,20.463444,14.322709,8.624244,3.912379,0.867528,0.102062,0.000000,0.000000,,2.687634,3.626605,2.680830,3.565368,4.170936,2.918975,2.939387,3.075470,2.762480,3.021037,3.082274,2.456294,2.279386,1.884746,1.217941,,36.612086
135000000,106.586814,100.071852,91.005339,84.303264,75.321802,64.962503,57.699086,50.316597,42.627921,35.721722,28.169129,20.361381,14.322709,8.624244,3.912379,0.867528,0.102062,0.000000,0.000000,,2.605985,3.626605,2.680830,3.592585,4.143720,2.905367,2.952996,3.075470,2.762480,3.021037,3.123099,2.415469,2.279386,1.884746,1.217941,,36.611023
136000000,106.586814,100.071852,91.005339,84.303264,75.321802,64.962503,57.699086,50.316597,42.627921,35.721722,28.169129,20.361381,14.322709,8.624244,3.912379,0.867528,0.102062,0.000000,0.000000,,2.605985,3.626605,2.680830,3.592585,4.143720,2.905367,2.952996,3.075470,2.762480,3.021037,3.123099,2.415469,2.279386,1.884746,1.217941,,36.610512
137000000,106.586814,100.071852,91.005339,84.303264,75.321802,64.962503,57.699086,50.316597,42.627921,35.721722,28.169129,20.361381,14.322709,8.624244,3.912379,0.867528,0.102062,0.000000,0.000000,,2.605985,3.626605,2.680830,3.592585,4.143720,2.905367,2.952996,3.075470,2.762480,3.021037,3.123099,2.415469,2.279386,1.884746,1.217941,,36.610385
138000000,106.586814,100.071852,91.005339,84.303264,75.321802,64.962503,57.699086,50.316597,42.627921,35.721722,28.169129,20.361381,14.322709,8.624244,3.912379,0.867528,0.102062,0.000000,0.000000,,2.605985,3.626605,2.680830,3.592585,4.143720,2.905367,2.952996,3.075470,2.762480,3.021037,3.123099,2.415469,2.279386,1.884746,1.217941,,36.610257
139000000,106.586814,100.071852,91.039360,84.303264,75.321802,64.962503,57.699086,50.316597,42.661942,35.721722,28.169129,20.361381,14.322709,8.624244,3.878358,0.867528,0.102062,0.000000,0.000000,,2.605985,3.612997,2.694438,3.592585,4.143720,2.905367,2.952996,3.061862,2.776088,3.021037,3.123099,2.415469,2.279386,1.898354,1.204332,,36.609832
140000000,106.586814,100.071852,91.039360,84.303264,75.321802,64.962503,57.699086,50.316597,42.661942,35.721722,28.169129,20.361381,14.322709,8.624244,3.878358,0.867528,0.102062,0.000000,0.000000,,2.605985,3.612997,2.694438,3.592585,4.143720,2.905367,2.952996,3.061862,2.776088,3.021037,3.123099,2.415469,2.279386,1.898354,1.204332,,36.609747
141000000,106.586814,100.071852,91.039360,84.303264,75.321802,65.217658,57.903210,50.316597,42.661942,35.823784,28.169129,20.361381,14.322709,8.624244,3.878358,0.867528,0.102062,0.000000,0.000000,,2.605985,3.612997,2.694438,3.592585,4.041658,2.925779,3.034645,3.061862,2.735263,3.061862,3.123099,2.415469,2.279386,1.898354,1.204332,,36.606813
142000000,106.586814,100.071852,91.039360,84.303264,75.321802,65.217658,57.903210,50.316597,42.661942,35.823784,28.169129,20.361381,14.322709,8.624244,3.878358,0.867528,0.102062,0.000000,0.000000,,2.605985,3.612997,2.694438,3.592585,4.041658,2.925779,3.034645,3.061862,2.735263,3.061862,3.123099,2.415469,2.279386,1.898354,1.204332,,36.606600
143000000,106.552793,100.275976,91.073380,83.997077,75.287781,65.370751,57.597024,49.857318,42.389777,36.487187,28.271191,20.310350,14.356730,8.777337,3.878358,0.867528,0.102062,0.000000,0.000000,,2.510727,3.681038,2.830521,3.483718,3.966812,3.109491,3.095883,2.987016,2.361036,3.286398,3.184336,2.381448,2.231757,1.959592,1.204332,,36.583211
144000000,106.484752,100.224945,91.073380,83.997077,75.287781,65.370751,57.597024,49.806286,42.457818,36.487187,28.067067,20.361381,14.322709,8.777337,3.878358,0.867528,0.102062,0.000000,0.000000,,2.503923,3.660626,2.830521,3.483718,3.966812,3.109491,3.116295,2.939387,2.388252,3.368048,3.082274,2.415469,2.218149,1.959592,1.204332,,36.581892
145000000,106.484752,100.224945,91.073380,83.997077,75.287781,65.370751,57.597024,49.806286,42.457818,36.487187,28.067067,20.361381,14.322709,8.777337,3.878358,0.867528,0.102062,0.000000,0.000000,,2.503923,3.660626,2.830521,3.483718,3.966812,3.109491,3.116295,2.939387,2.388252,3.368048,3.082274,2.415469,2.218149,1.959592,1.204332,,36.581977
146000000,106.382690,100.224945,91.073380,83.537798,75.287781,65.727968,57.699086,49.602162,42.423797,36.487187,28.067067,20.361381,14.322709,8.828368,3.878358,0.867528,0.102062,0.000000,0.000000,,2.463098,3.660626,3.014233,3.300007,3.823925,3.211553,3.238769,2.871346,2.374644,3.368048,3.082274,2.415469,2.197736,1.980004,1.204332,,36.570028
147000000,106.382690,100.224945,91.073380,83.537798,75.287781,65.727968,57.699086,49.602162,42.423797,36.487187,28.067067,20.361381,14.322709,8.828368,3.878358,0.867528,0.102062,0.000000,0.000000,,2.463098,3.660626,3.014233,3.300007,3.823925,3.211553,3.238769,2.871346,2.374644,3.368048,3.082274,2.415469,2.197736,1.980004,1.204332,,36.569943
148000000,106.382690,100.224945,91.073380,83.537798,75.117678,65.778999,57.699086,49.602162,42.423797,36.538218,27.999026,20.616537,14.322709,8.828368,3.878358,0.867528,0.102062,0.000000,0.000000,,2.463098,3.660626,3.014233,3.368048,3.735471,3.231965,3.238769,2.871346,2.354232,3.415677,2.952996,2.517531,2.197736,1.980004,1.204332,,36.566456
149000000,106.382690,100.224945,91.073380,83.537798,75.117678,65.778999,57.699086,49.602162,42.423797,36.538218,27.999026,20.616537,14.322709,8.828368,3.878358,0.867528,0.102062,0.000000,0.000000,,2.463098,3.660626,3.014233,3.368048,3.735471,3.231965,3.238769,2.871346,2.354232,3.415677,2.952996,2.517531,2.197736,1.980004,1.204332,,36.566456
150000000,106.382690,100.224945,91.073380,83.537798,75.117678,65.523844,57.869189,49.602162,42.423797,36.538218,28.101088,20.616537,14.322709,8.624244,4.082483,0.918559,0.102062,0.000000,0.000000,,2.463098,3.660626,3.014233,3.368048,3.837534,3.061862,3.306811,2.871346,2.354232,3.374852,2.993821,2.517531,2.279386,1.816705,1.265570,,36.562798
151000000,106.382690,100.224945,91.073380,83.537798,75.117678,65.523844,57.869189,49.602162,42.423797,36.538218,28.101088,20.616537,14.322709,8.624244,4.082483,0.918559,0.102062,0.000000,0.000000,,2.463098,3.660626,3.014233,3.368048,3.837534,3.061862,3.306811,2.871346,2.354232,3.374852,2.993821,2.517531,2.279386,1.816705,1.265570,,36.562203
152000000,106.246607,98.796076,90.665132,84.507388,75.457885,66.238279,58.209396,49.704224,42.900087,36.385125,27.999026,20.412412,14.628896,8.624244,4.014441,0.816496,0.136083,0.000000,0.000000,,2.980212,3.252378,2.463098,3.619801,3.687843,3.211553,3.402069,2.721655,2.605985,3.354440,3.034645,2.313407,2.401861,1.843921,1.279178,,36.512193
153000000,106.008462,98.796076,89.950698,84.201202,74.777471,66.595496,57.937231,48.734635,43.206273,36.334094,28.339233,20.667568,14.730958,8.573213,4.252586,0.714434,0.204124,0.000000,0.000000,,2.884954,3.538151,2.299798,3.769492,3.272790,3.463306,3.681038,2.211345,2.748872,3.197945,3.068666,2.374644,2.463098,1.728251,1.415261,,36.462182
154000000,106.008462,98.796076,90.086780,84.099139,74.777471,66.493434,57.937231,48.734635,43.206273,36.334094,28.339233,20.667568,14.730958,8.573213,4.252586,0.714434,0.204124,0.000000,0.000000,,2.884954,3.483718,2.395056,3.728667,3.313615,3.422481,3.681038,2.211345,2.748872,3.197945,3.068666,2.374644,2.463098,1.728251,1.415261,,36.461757
155000000,106.008462,98.796076,90.086780,84.099139,74.777471,66.493434,57.937231,48.734635,43.206273,36.334094,28.339233,20.667568,14.730958,8.573213,4.252586,0.714434,0.204124,0.000000,0.000000,,2.884954,3.483718,2.395056,3.728667,3.313615,3.422481,3.681038,2.211345,2.748872,3.197945,3.068666,2.374644,2.463098,1.728251,1.415261,,36.461799
156000000,106.008462,98.796076,90.086780,84.099139,74.777471,66.493434,57.937231,48.734635,43.206273,36.334094,28.339233,20.667568,14.730958,8.573213,4.252586,0.714434,0.204124,0.000000,0.000000,,2.884954,3.483718,2.395056,3.728667,3.313615,3.422481,3.681038,2.211345,2.748872,3.197945,3.068666,2.374644,2.463098,1.728251,1.415261,,36.461587
157000000,106.008462,98.796076,90.154822,84.099139,74.777471,66.493434,57.937231,48.734635,43.206273,36.334094,28.339233,20.667568,14.730958,8.573213,4.252586,0.714434,0.204124,0.000000,0.000000,,2.884954,3.456502,2.422273,3.728667,3.313615,3.422481,3.681038,2.211345,2.748872,3.197945,3.068666,2.374644,2.463098,1.728251,1.415261,,36.461076
158000000,106.008462,98.949170,90.154822,84.099139,74.777471,66.289310,58.039293,48.530511,43.138232,36.589249,28.339233,20.616537,14.764978,8.675275,4.252586,0.714434,0.204124,0.000000,0.000000,,2.823717,3.517739,2.422273,3.728667,3.395265,3.300007,3.803513,2.156912,2.619593,3.300007,3.089078,2.340623,2.435881,1.769076,1.415261,,36.457037
159000000,106.008462,98.949170,90.154822,84.099139,74.777471,66.289310,58.039293,48.530511,43.138232,36.589249,28.339233,20.616537,14.764978,8.675275,4.252586,0.714434,0.204124,0.000000,0.000000,,2.823717,3.517739,2.422273,3.728667,3.395265,3.300007,3.803513,2.156912,2.619593,3.300007,3.089078,2.340623,2.435881,1.769076,1.415261,,36.456994
160000000,106.008462,98.949170,89.950698,83.843984,74.743450,66.799620,58.141355,48.887728,43.206273,36.589249,28.339233,20.463444,14.764978,8.471151,4.252586,0.714434,0.204124,0.000000,0.000000,,2.823717,3.599389,2.442685,3.640214,3.177532,3.463306,3.701451,2.272582,2.646809,3.300007,3.150316,2.279386,2.517531,1.687426,1.415261,,36.441259
161000000,106.008462,98.949170,89.950698,83.843984,74.743450,66.799620,58.141355,48.887728,43.206273,36.589249,28.339233,20.463444,14.764978,8.471151,4.252586,0.714434,0.204124,0.000000,0.000000,,2.823717,3.599389,2.442685,3.640214,3.177532,3.463306,3.701451,2.272582,2.646809,3.300007,3.150316,2.279386,2.517531,1.687426,1.415261,,36.441004
162000000,106.008462,98.949170,89.950698,83.843984,74.743450,66.799620,58.141355,48.887728,43.206273,36.589249,28.339233,20.463444,14.764978,8.471151,4.252586,0.714434,0.204124,0.000000,0.000000,,2.823717,3.599389,2.442685,3.640214,3.177532,3.463306,3.701451,2.272582,2.646809,3.300007,3.150316,2.279386,2.517531,1.687426,1.415261,,36.440962
163000000,106.008462,98.949170,89.950698,83.843984,74.743450,66.799620,58.141355,48.887728,43.206273,36.589249,28.339233,20.463444,14.764978,8.471151,4.252586,0.714434,0.204124,0.000000,0.000000,,2.823717,3.599389,2.442685,3.640214,3.177532,3.463306,3.701451,2.272582,2.646809,3.300007,3.150316,2.279386,2.517531,1.687426,1.415261,,36.441089
164000000,106.008462,98.949170,89.950698,83.843984,74.743450,66.799620,58.141355,48.887728,43.206273,36.589249,28.339233,20.463444,14.764978,8.471151,4.252586,0.714434,0.204124,0.000000,0.000000,,2.823717,3.599389,2.442685,3.640214,3.177532,3.463306,3.701451,2.272582,2.646809,3.300007,3.150316,2.279386,2.517531,1.687426,1.415261,,36.441004
165000000,105.974442,98.949170,89.916677,83.946046,74.743450,66.850651,57.733107,49.244945,43.240294,36.691311,28.373253,20.463444,14.696937,8.471151,4.252586,0.714434,0.204124,0.000000,0.000000,,2.810109,3.612997,2.388252,3.681038,3.157120,3.647018,3.395265,2.401861,2.619593,3.327223,3.163924,2.306603,2.490314,1.687426,1.415261,,36.433987
166000000,105.974442,98.949170,89.916677,83.946046,74.743450,66.850651,57.733107,49.244945,43.240294,36.691311,28.373253,20.463444,14.696937,8.471151,4.252586,0.714434,0.204124,0.000000,0.000000,,2.810109,3.612997,2.388252,3.681038,3.157120,3.647018,3.395265,2.401861,2.619593,3.327223,3.163924,2.306603,2.490314,1.687426,1.415261,,36.434073
167000000,105.974442,98.949170,89.916677,83.946046,74.743450,66.850651,57.733107,49.244945,43.240294,36.691311,28.373253,20.463444,14.696937,8.471151,4.252586,0.714434,0.204124,0.000000,0.000000,,2.810109,3.612997,2.388252,3.681038,3.157120,3.647018,3.395265,2.401861,2.619593,3.327223,3.163924,2.306603,2.490314,1.687426,1.415261,,36.434073
168000000,106.008462,98.949170,89.916677,83.946046,74.743450,66.850651,57.733107,49.244945,43.240294,36.691311,28.373253,20.463444,14.696937,8.471151,4.252586,0.714434,0.204124,0.000000,0.000000,,2.823717,3.612997,2.388252,3.681038,3.157120,3.647018,3.395265,2.401861,2.619593,3.327223,3.163924,2.306603,2.490314,1.687426,1.415261,,36.433732
169000000,106.008462,98.949170,89.916677,83.946046,74.743450,66.850651,57.733107,49.244945,43.240294,36.691311,28.373253,20.463444,14.696937,8.471151,4.252586,0.714434,0.204124,0.000000,0.000000,,2.823717,3.612997,2.388252,3.681038,3.157120,3.647018,3.395265,2.401861,2.619593,3.327223,3.163924,2.306603,2.490314,1.687426,1.415261,,36.433562
170000000,106.008462,98.949170,89.882656,83.792953,74.845512,66.901682,57.767127,49.244945,43.308335,36.691311,28.373253,20.463444,14.696937,8.471151,4.252586,0.714434,0.204124,0.000000,0.000000,,2.823717,3.626605,2.435881,3.578976,3.177532,3.653822,3.408873,2.374644,2.646809,3.327223,3.163924,2.306603,2.490314,1.687426,1.415261,,36.431351
171000000,106.008462,98.949170,89.882656,83.792953,74.845512,66.901682,57.767127,49.244945,43.308335,36.691311,28.373253,20.463444,14.696937,8.471151,4.252586,0.714434,0.204124,0.000000,0.000000,,2.823717,3.626605,2.435881,3.578976,3.177532,3.653822,3.408873,2.374644,2.646809,3.327223,3.163924,2.306603,2.490314,1.687426,1.415261,,36.431351
172000000,106.008462,98.949170,89.882656,83.792953,74.845512,66.901682,57.767127,49.244945,43.308335,36.691311,28.373253,20.463444,14.696937,8.471151,4.252586,0.714434,0.204124,0.000000,0.000000,,2.823717,3.626605,2.435881,3.578976,3.177532,3.653822,3.408873,2.374644,2.646809,3.327223,3.163924,2.306603,2.490314,1.687426,1.415261,,36.431308
173000000,105.940421,99.153294,89.984718,83.792953,74.811492,67.258899,57.835169,49.857318,43.444418,36.385125,28.509336,20.514475,14.730958,8.420120,4.354648,0.816496,0.204124,0.000000,0.000000,,2.714851,3.667430,2.476706,3.592585,3.021037,3.769492,3.191140,2.565160,2.823717,3.150316,3.197945,2.313407,2.524335,1.626189,1.415261,,36.409493
174000000,106.178566,98.540921,89.882656,83.588829,74.777471,65.778999,57.937231,49.704224,43.444418,36.589249,28.679440,20.565506,14.833020,8.267027,4.388669,0.816496,0.204124,0.000000,0.000000,,3.055058,3.463306,2.517531,3.524543,3.599389,3.136707,3.293203,2.503923,2.742067,3.163924,3.245574,2.292994,2.626397,1.551343,1.428869,,36.358164
175000000,106.246607,98.489890,89.814615,83.384705,74.641388,65.625906,58.447541,49.653193,43.240294,35.976877,28.951605,20.769630,14.867040,8.267027,4.354648,0.816496,0.204124,0.000000,0.000000,,3.102687,3.470110,2.571964,3.497327,3.606193,2.871346,3.517739,2.565160,2.905367,2.810109,3.272790,2.361036,2.640005,1.564952,1.415261,,36.331883
176000000,106.348669,98.489890,89.814615,83.384705,74.437264,65.064565,58.481562,49.653193,43.240294,35.976877,28.951605,20.769630,14.867040,8.267027,4.354648,0.816496,0.204124,0.000000,0.000000,,3.143512,3.470110,2.571964,3.578976,3.749080,2.633201,3.531347,2.565160,2.905367,2.810109,3.272790,2.361036,2.640005,1.564952,1.415261,,36.330947
177000000,106.348669,98.489890,89.814615,83.384705,74.437264,65.064565,58.481562,49.653193,43.240294,35.976877,28.951605,20.769630,14.867040,8.267027,4.354648,0.816496,0.204124,0.000000,0.000000,,3.143512,3.470110,2.571964,3.578976,3.749080,2.633201,3.531347,2.565160,2.905367,2.810109,3.272790,2.361036,2.640005,1.564952,1.415261,,36.330862
178000000,106.348669,98.694014,89.814615,83.282643,74.437264,65.064565,58.481562,49.602162,43.274314,35.976877,28.951605,20.769630,14.867040,8.267027,4.354648,0.816496,0.204124,0.000000,0.000000,,3.061862,3.551760,2.612789,3.538151,3.749080,2.633201,3.551760,2.531139,2.918975,2.810109,3.272790,2.361036,2.640005,1.564952,1.415261,,36.329374
179000000,106.348669,98.694014,89.814615,83.282643,74.437264,65.064565,58.481562,49.602162,43.274314,35.976877,28.951605,20.769630,14.867040,8.267027,4.354648,0.816496,0.204124,0.000000,0.000000,,3.061862,3.551760,2.612789,3.538151,3.749080,2.633201,3.551760,2.531139,2.918975,2.810109,3.272790,2.361036,2.640005,1.564952,1.415261,,36.329374
180000000,106.348669,98.694014,89.814615,83.282643,74.437264,65.064565,58.481562,49.602162,43.274314,35.976877,28.951605,20.769630,14.867040,8.267027,4.354648,0.816496,0.204124,0.000000,0.000000,,3.061862,3.551760,2.612789,3.538151,3.749080,2.633201,3.551760,2.531139,2.918975,2.810109,3.272790,2.361036,2.640005,1.564952,1.415261,,36.329289
181000000,106.382690,98.591952,89.882656,83.282643,74.369223,64.962503,58.481562,49.653193,43.138232,36.283063,28.475315,21.382002,14.969102,8.011872,4.388669,0.816496,0.204124,0.000000,0.000000,,3.116295,3.483718,2.640005,3.565368,3.762688,2.592376,3.531347,2.605985,2.742067,3.123099,2.837325,2.565160,2.782892,1.449281,1.428869,,36.307558
182000000,106.382690,98.591952,89.882656,83.282643,74.437264,64.962503,58.447541,49.653193,43.138232,36.283063,28.475315,21.382002,14.969102,8.011872,4.388669,0.816496,0.204124,0.000000,0.000000,,3.116295,3.483718,2.640005,3.538151,3.789905,2.605985,3.517739,2.605985,2.742067,3.123099,2.837325,2.565160,2.782892,1.449281,1.428869,,36.307431
183000000,106.382690,98.591952,89.882656,83.282643,74.437264,64.962503,58.447541,49.653193,43.138232,36.283063,28.475315,21.382002,14.969102,8.011872,4.388669,0.816496,0.204124,0.000000,0.000000,,3.116295,3.483718,2.640005,3.538151,3.789905,2.605985,3.517739,2.605985,2.742067,3.123099,2.837325,2.565160,2.782892,1.449281,1.428869,,36.307218
184000000,106.382690,98.489890,89.950698,83.129550,74.233140,65.064565,58.515582,49.704224,43.376377,36.334094,28.577377,21.279940,15.003123,8.267027,4.388669,0.816496,0.204124,0.000000,0.000000,,3.157120,3.415677,2.728459,3.558564,3.667430,2.619593,3.524543,2.531139,2.816913,3.102687,2.918975,2.510727,2.694438,1.551343,1.428869,,36.286891
185000000,106.382690,98.489890,89.950698,83.129550,74.233140,65.064565,58.515582,49.704224,43.376377,36.334094,28.577377,21.279940,15.003123,8.267027,4.388669,0.816496,0.204124,0.000000,0.000000,,3.157120,3.415677,2.728459,3.558564,3.667430,2.619593,3.524543,2.531139,2.816913,3.102687,2.918975,2.510727,2.694438,1.551343,1.428869,,36.286720
186000000,106.382690,98.489890,89.950698,83.129550,74.233140,65.064565,58.515582,49.704224,43.376377,36.334094,28.577377,21.279940,15.003123,8.267027,4.388669,0.816496,0.204124,0.000000,0.000000,,3.157120,3.415677,2.728459,3.558564,3.667430,2.619593,3.524543,2.531139,2.816913,3.102687,2.918975,2.510727,2.694438,1.551343,1.428869,,36.286635
187000000,106.382690,98.489890,89.950698,83.129550,74.233140,65.064565,58.515582,49.704224,43.376377,36.334094,28.577377,21.279940,15.003123,8.267027,4.388669,0.816496,0.204124,0.000000,0.000000,,3.157120,3.415677,2.728459,3.558564,3.667430,2.619593,3.524543,2.531139,2.816913,3.102687,2.918975,2.510727,2.694438,1.551343,1.428869,,36.286635
188000000,106.382690,98.489890,89.950698,83.129550,74.233140,65.064565,58.515582,49.704224,43.342356,36.385125,28.577377,21.279940,15.003123,8.267027,4.388669,0.816496,0.204124,0.000000,0.000000,,3.157120,3.415677,2.728459,3.558564,3.667430,2.619593,3.524543,2.544747,2.782892,3.123099,2.918975,2.510727,2.694438,1.551343,1.428869,,36.286210
189000000,106.382690,98.489890,89.950698,83.129550,74.233140,65.064565,58.515582,49.704224,43.342356,36.385125,28.577377,21.279940,14.935082,8.267027,4.388669,0.816496,0.204124,0.000000,0.000000,,3.157120,3.415677,2.728459,3.558564,3.667430,2.619593,3.524543,2.544747,2.782892,3.123099,2.918975,2.537943,2.667222,1.551343,1.428869,,36.286168
190000000,106.314648,98.489890,89.950698,83.129550,74.233140,65.064565,58.549603,49.704224,43.342356,36.385125,28.577377,21.330971,14.935082,8.267027,4.388669,0.816496,0.204124,0.000000,0.000000,,3.129903,3.415677,2.728459,3.558564,3.667430,2.605985,3.538152,2.544747,2.782892,3.123099,2.898563,2.558356,2.667222,1.551343,1.428869,,36.285275
191000000,106.314648,98.489890,89.950698,83.129550,74.233140,65.064565,58.549603,49.704224,43.342356,36.385125,28.577377,21.330971,14.935082,8.267027,4.388669,0.816496,0.204124,0.000000,0.000000,,3.129903,3.415677,2.728459,3.558564,3.667430,2.605985,3.538152,2.544747,2.782892,3.123099,2.898563,2.558356,2.667222,1.551343,1.428869,,36.285019
192000000,106.314648,98.489890,89.950698,83.129550,74.233140,65.064565,58.549603,49.704224,43.342356,36.385125,28.577377,21.330971,14.935082,8.318058,4.388669,0.816496,0.204124,0.000000,0.000000,,3.129903,3.415677,2.728459,3.558564,3.667430,2.605985,3.538152,2.544747,2.782892,3.123099,2.898563,2.558356,2.646809,1.571756,1.428869,,36.285019
193000000,106.314648,98.489890,89.848636,83.282643,74.267161,65.064565,58.549603,49.704224,43.342356,36.385125,28.577377,21.330971,14.935082,8.318058,4.388669,0.816496,0.204124,0.000000,0.000000,,3.129903,3.456502,2.626397,3.606193,3.681038,2.605985,3.538152,2.544747,2.782892,3.123099,2.898563,2.558356,2.646809,1.571756,1.428869,,36.284084
194000000,106.314648,98.489890,89.848636,83.282643,74.267161,65.064565,58.515582,49.806286,43.342356,36.385125,28.577377,21.330971,14.935082,8.318058,4.388669,0.816496,0.204124,0.000000,0.000000,,3.129903,3.456502,2.626397,3.606193,3.681038,2.619593,3.483718,2.585572,2.782892,3.123099,2.898563,2.558356,2.646809,1.571756,1.428869,,36.283829
195000000,106.314648,98.489890,89.848636,83.282643,74.267161,65.064565,58.515582,49.806286,43.342356,36.385125,28.577377,21.330971,14.935082,8.318058,4.388669,0.816496,0.204124,0.000000,0.000000,,3.129903,3.456502,2.626397,3.606193,3.681038,2.619593,3.483718,2.585572,2.782892,3.123099,2.898563,2.558356,2.646809,1.571756,1.428869,,36.283488
196000000,106.314648,98.489890,89.848636,83.282643,74.267161,65.064565,58.515582,49.806286,43.342356,36.385125,28.577377,21.330971,14.935082,8.318058,4.388669,0.816496,0.204124,0.000000,0.000000,,3.129903,3.456502,2.626397,3.606193,3.681038,2.619593,3.483718,2.585572,2.782892,3.123099,2.898563,2.558356,2.646809,1.571756,1.428869,,36.283403
197000000,106.314648,98.489890,89.848636,83.282643,74.301181,65.064565,58.515582,49.806286,43.342356,36.385125,28.577377,21.330971,14.935082,8.318058,4.388669,0.816496,0.204124,0.000000,0.000000,,3.129903,3.456502,2.626397,3.592585,3.694647,2.619593,3.483718,2.585572,2.782892,3.123099,2.898563,2.558356,2.646809,1.571756,1.428869,,36.283148
198000000,106.246607,98.438859,89.916677,83.129550,74.573347,65.064565,58.345479,49.040821,43.614521,36.691311,28.747481,21.126847,14.764978,9.032493,4.422689,0.816496,0.204124,0.000000,0.000000,,3.123099,3.408873,2.714851,3.422481,3.803513,2.687634,3.721863,2.170520,2.769284,3.177532,3.048254,2.544747,2.292994,1.843921,1.442477,,36.262948
199000000,106.314648,97.928549,90.018739,83.384705,74.403244,65.115596,58.209396,49.091852,43.716583,36.742342,28.135109,21.586126,14.730958,9.032493,4.354648,0.969590,0.204124,0.000000,0.000000,,3.354440,3.163924,2.653614,3.592585,3.715059,2.762480,3.647018,2.150107,2.789696,3.442894,2.619593,2.742067,2.279386,1.871138,1.354023,,36.232117
200000000,106.212586,97.826487,89.984718,83.486767,74.301181,65.166627,58.277438,49.142883,43.614521,37.048529,28.135109,21.586126,14.730958,9.032493,4.354648,0.969590,0.204124,0.000000,0.000000,,3.354440,3.136707,2.599181,3.674234,3.653822,2.755676,3.653822,2.211345,2.626397,3.565368,2.619593,2.742067,2.279386,1.871138,1.354023,,36.228630
