100000,50.000000,50.000000,49.847458,46.493671,31.000000,4.658120,0.003311,0.000000,0.000000,0.000000,0.000000,0.000000,0.000000,0.000000,0.000000,,0.000000,0.061017,1.341515,6.197468,10.536752,1.861923,0.001325,0.000000,0.000000,0.000000,0.000000,0.000000,0.000000,0.000000,0.000000,
200000,50.000000,49.969697,49.593220,44.037975,30.082524,8.957265,0.500000,0.000000,0.000000,0.000000,0.000000,0.000000,0.000000,0.000000,0.000000,,0.012121,0.150591,2.222098,5.582180,8.450104,3.382906,0.200000,0.000000,0.000000,0.000000,0.000000,0.000000,0.000000,0.000000,0.000000,
300000,50.000000,49.954545,48.966102,42.234177,27.169903,9.333333,0.774834,0.011696,0.000000,0.000000,0.000000,0.000000,0.000000,0.000000,0.000000,,0.018182,0.395378,2.692770,6.025710,7.134628,3.423400,0.305255,0.004678,0.000000,0.000000,0.000000,0.000000,0.000000,0.000000,0.000000,
400000,50.000000,49.878788,48.194915,39.955696,25.766990,7.982906,0.847682,0.043860,0.000000,0.000000,0.000000,0.000000,0.000000,0.000000,0.000000,,0.048485,0.673549,3.295688,5.675482,7.113634,2.854090,0.321529,0.017544,0.000000,0.000000,0.000000,0.000000,0.000000,0.000000,0.000000,
500000,50.000000,49.742424,47.491525,37.993671,22.412621,7.675214,0.976821,0.038012,0.000000,0.000000,0.000000,0.000000,0.000000,0.000000,0.000000,,0.103030,0.900360,3.799142,6.232420,5.894963,2.679357,0.375524,0.015205,0.000000,0.000000,0.000000,0.000000,0.000000,0.000000,0.000000,
600000,50.000000,49.590909,46.355932,35.664557,21.092233,7.209402,0.990066,0.084795,0.000000,0.000000,0.000000,0.000000,0.000000,0.000000,0.000000,,0.163636,1.293991,4.276550,5.828930,5.553133,2.487734,0.362108,0.033918,0.000000,0.000000,0.000000,0.000000,0.000000,0.000000,0.000000,
700000,49.900000,49.393939,45.076271,33.949367,19.524272,6.623932,1.317881,0.090643,0.000000,0.000000,0.000000,0.000000,0.000000,0.000000,0.000000,,0.202424,1.727067,4.450762,5.770038,5.160136,2.122420,0.490895,0.036257,0.000000,0.000000,0.000000,0.000000,0.000000,0.000000,0.000000,
800000,49.750000,48.909091,43.957627,32.594937,17.796117,6.773504,1.334437,0.137427,0.005263,0.000000,0.000000,0.000000,0.000000,0.000000,0.000000,,0.336364,1.980586,4.545076,5.919528,4.409045,2.175627,0.478804,0.052865,0.002105,0.000000,0.000000,0.000000,0.000000,0.000000,0.000000,
900000,49.650000,48.166667,42.245763,31.063291,17.058252,6.747863,1.562914,0.178363,0.013158,0.000000,0.000000,0.000000,0.000000,0.000000,0.000000,,0.593333,2.368362,4.472989,5.602015,4.124156,2.073980,0.553821,0.066082,0.005263,0.000000,0.000000,0.000000,0.000000,0.000000,0.000000,
1000000,49.500000,47.621212,40.796610,29.367089,16.830097,6.833333,1.758278,0.216374,0.031579,0.000000,0.000000,0.000000,0.000000,0.000000,0.000000,,0.751515,2.729841,4.571809,5.014797,3.998706,2.030022,0.616762,0.073918,0.012632,0.000000,0.000000,0.000000,0.000000,0.000000,0.000000,
1100000,48.950000,47.090909,39.762712,28.075949,15.893204,7.000000,2.036424,0.295322,0.036842,0.002347,0.000000,0.000000,0.000000,0.000000,0.000000,,0.743636,2.931279,4.674705,4.873098,3.557282,1.985430,0.696441,0.103392,0.013798,0.000939,0.000000,0.000000,0.000000,0.000000,0.000000,
1200000,48.900000,46.136364,38.381356,27.246835,15.883495,7.038462,2.254967,0.380117,0.050000,0.000000,0.000000,0.000000,0.000000,0.000000,0.000000,,1.105455,3.102003,4.453808,4.545336,3.538013,1.913398,0.749940,0.132047,0.020000,0.000000,0.000000,0.000000,0.000000,0.000000,0.000000,
1300000,48.450000,45.106061,37.059322,26.240506,15.839806,7.559829,2.463576,0.441520,0.068421,0.000000,0.000000,0.000000,0.000000,0.000000,0.000000,,1.337576,3.218695,4.327526,4.160280,3.311991,2.038501,0.808822,0.149240,0.027368,0.000000,0.000000,0.000000,0.000000,0.000000,0.000000,
1400000,47.750000,44.303030,36.135593,25.569620,15.446602,7.773504,2.688742,0.520468,0.076316,0.002347,0.000000,0.000000,0.000000,0.000000,0.000000,,1.378788,3.266975,4.226389,4.049207,3.069239,2.033905,0.867310,0.177661,0.029587,0.000939,0.000000,0.000000,0.000000,0.000000,0.000000,
1500000,47.050000,43.166667,35.296610,24.803797,15.466019,7.927350,2.900662,0.628655,0.092105,0.004695,0.000000,0.000000,0.000000,0.000000,0.000000,,1.553333,3.148023,4.197125,3.735111,3.015468,2.010675,0.908803,0.214620,0.034964,0.001878,0.000000,0.000000,0.000000,0.000000,0.000000,
1600000,46.600000,42.015152,34.262712,24.329114,15.257282,8.021368,3.023179,0.710526,0.115789,0.004695,0.000000,0.000000,0.000000,0.000000,0.000000,,1.833939,3.100976,3.973439,3.628733,2.894366,1.999275,0.925061,0.237895,0.044438,0.001878,0.000000,0.000000,0.000000,0.000000,0.000000,
1700000,45.700000,41.212121,33.355932,24.012658,15.097087,8.294872,3.235099,0.883041,0.118421,0.004695,0.000000,0.000000,0.000000,0.000000,0.000000,,1.795152,3.142476,3.737310,3.566228,2.720886,2.023909,0.940823,0.305848,0.045490,0.001878,0.000000,0.000000,0.000000,0.000000,0.000000,
1800000,44.900000,40.454545,32.516949,23.620253,15.247573,8.269231,3.552980,0.915205,0.160526,0.011737,0.000000,0.000000,0.000000,0.000000,0.000000,,1.778182,3.175039,3.558678,3.349072,2.791337,1.886500,1.055110,0.301871,0.059516,0.004695,0.000000,0.000000,0.000000,0.000000,0.000000,
1900000,43.650000,39.560606,32.067797,23.373418,14.922330,8.589744,3.675497,1.035088,0.215789,0.009390,0.000000,0.000000,0.000000,0.000000,0.000000,,1.635758,2.997124,3.477752,3.380435,2.533035,1.965699,1.056164,0.327719,0.082560,0.003756,0.000000,0.000000,0.000000,0.000000,0.000000,
2000000,42.700000,38.409091,31.279661,23.018987,15.082524,8.632479,3.748344,1.116959,0.247368,0.023474,0.000000,0.000000,0.000000,0.000000,0.000000,,1.716364,2.851772,3.304269,3.174585,2.580018,1.953654,1.052554,0.347836,0.089558,0.009390,0.000000,0.000000,0.000000,0.000000,0.000000,
2100000,42.050000,37.833333,30.677966,22.658228,15.043689,8.666667,3.910596,1.236842,0.289474,0.021127,0.000000,0.000000,0.000000,0.000000,0.000000,,1.686667,2.862147,3.207895,3.045815,2.550809,1.902428,1.069502,0.378947,0.107339,0.008451,0.000000,0.000000,0.000000,0.000000,0.000000,
2200000,41.200000,36.909091,30.059322,22.354430,15.004854,8.846154,3.996689,1.350877,0.336842,0.051643,0.000000,0.000000,0.000000,0.000000,0.000000,,1.716364,2.739908,3.081957,2.939830,2.463480,1.939786,1.058325,0.405614,0.114080,0.020657,0.000000,0.000000,0.000000,0.000000,0.000000,
2300000,40.500000,36.318182,29.355932,22.126582,14.990291,8.905983,4.215232,1.421053,0.357895,0.068075,0.000000,0.000000,0.000000,0.000000,0.000000,,1.672727,2.784900,2.891740,2.854516,2.433723,1.876300,1.117672,0.425263,0.115928,0.027230,0.000000,0.000000,0.000000,0.000000,0.000000,
2400000,39.650000,35.484848,29.033898,21.765823,14.927184,9.076923,4.238411,1.535088,0.431579,0.077465,0.000000,0.000000,0.000000,0.000000,0.000000,,1.666061,2.580380,2.907230,2.735455,2.340105,1.935405,1.081329,0.441404,0.141646,0.030986,0.000000,0.000000,0.000000,0.000000,0.000000,
2500000,38.700000,35.090909,28.677966,21.481013,14.864078,9.029915,4.456954,1.599415,0.463158,0.107981,0.002075,0.000000,0.000000,0.000000,0.000000,,1.443636,2.565177,2.878781,2.646774,2.333665,1.829184,1.143015,0.454503,0.142071,0.042363,0.000830,0.000000,0.000000,0.000000,0.000000,
2600000,38.200000,34.166667,28.059322,21.322785,14.723301,9.209402,4.605960,1.684211,0.515789,0.131455,0.006224,0.001946,0.000000,0.000000,0.000000,,1.613333,2.442938,2.694615,2.639794,2.205560,1.841377,1.168700,0.467368,0.153734,0.050093,0.001711,0.000778,0.000000,0.000000,0.000000,
2700000,37.400000,33.606061,27.610169,21.120253,14.752427,9.200855,4.675497,1.774854,0.597368,0.140845,0.010373,0.001946,0.000000,0.000000,0.000000,,1.517576,2.398356,2.595967,2.547130,2.220629,1.810143,1.160257,0.470994,0.182609,0.052189,0.003371,0.000778,0.000000,0.000000,0.000000,
2800000,36.650000,32.954545,27.271186,21.063291,14.592233,9.200855,4.798013,1.883041,0.657895,0.171362,0.010373,0.001946,0.000000,0.000000,0.000000,,1.478182,2.273344,2.483158,2.588423,2.156551,1.761137,1.165989,0.490058,0.194613,0.064395,0.003371,0.000778,0.000000,0.000000,0.000000,
2900000,35.800000,32.651515,27.008475,20.778481,14.665049,9.230769,4.917219,1.959064,0.689474,0.197183,0.016598,0.001946,0.000000,0.000000,0.000000,,1.259394,2.257216,2.491997,2.445373,2.173712,1.725420,1.183262,0.507836,0.196916,0.072234,0.005861,0.000778,0.000000,0.000000,0.000000,
3000000,35.050000,32.242424,26.754237,20.518987,14.538835,9.320513,5.019868,2.096491,0.744737,0.194836,0.020747,0.003891,0.000000,0.000000,0.000000,,1.123030,2.195275,2.494100,2.392061,2.087329,1.720258,1.169351,0.540702,0.219960,0.069636,0.006742,0.001556,0.000000,0.000000,0.000000,
3100000,34.650000,31.454545,26.364407,20.284810,14.514563,9.294872,5.056291,2.169591,0.810526,0.230047,0.022822,0.001946,0.000000,0.000000,0.000000,,1.278182,2.036055,2.431839,2.308099,2.087877,1.695432,1.154680,0.543626,0.232192,0.082890,0.008350,0.000778,0.000000,0.000000,0.000000,
3200000,34.300000,31.106061,26.000000,20.113924,14.466019,9.380342,5.172185,2.233918,0.855263,0.251174,0.043568,0.003891,0.000000,0.000000,0.000000,,1.277576,2.042424,2.354430,2.259162,2.034271,1.683263,1.175307,0.551462,0.241636,0.083042,0.015871,0.001556,0.000000,0.000000,0.000000,
3300000,33.800000,30.606061,25.703390,19.873418,14.432039,9.329060,5.301325,2.309942,0.900000,0.302817,0.049793,0.005837,0.000000,0.000000,0.000000,,1.277576,1.961068,2.331989,2.176552,2.041192,1.611094,1.196553,0.563977,0.238873,0.101210,0.017582,0.002335,0.000000,0.000000,0.000000,
3400000,33.400000,30.242424,25.500000,19.727848,14.344660,9.440171,5.354305,2.403509,0.915789,0.326291,0.068465,0.009728,0.000000,0.000000,0.000000,,1.263030,1.896970,2.308861,2.153275,1.961796,1.634347,1.180318,0.595088,0.235799,0.103131,0.023495,0.003891,0.000000,0.000000,0.000000,
3500000,32.600000,29.878788,25.084746,19.658228,14.242718,9.470085,5.307947,2.526316,0.963158,0.359155,0.076763,0.007782,0.000000,0.000000,0.000000,,1.088485,1.917617,2.170607,2.166204,1.909053,1.664855,1.112652,0.625263,0.241601,0.112957,0.027593,0.003113,0.000000,0.000000,0.000000,
3600000,32.150000,29.560606,24.796610,19.455696,14.067961,9.572650,5.437086,2.567251,1.042105,0.396714,0.091286,0.003891,0.001754,0.000000,0.000000,,1.035758,1.905598,2.136366,2.155094,1.798125,1.654225,1.147934,0.610058,0.258157,0.122171,0.034958,0.000855,0.000702,0.000000,0.000000,
3700000,31.750000,29.015152,24.601695,19.354430,14.014563,9.529915,5.506623,2.654971,1.086842,0.422535,0.097510,0.005837,0.001754,0.000000,0.000000,,1.093939,1.765383,2.098906,2.135947,1.793859,1.609317,1.140661,0.627251,0.265723,0.130010,0.036670,0.001633,0.000702,0.000000,0.000000,
3800000,31.050000,28.681818,24.288136,19.284810,14.087379,9.410256,5.619205,2.716374,1.155263,0.450704,0.114108,0.013619,0.001754,0.000000,0.000000,,0.947273,1.757473,2.001330,2.078973,1.870849,1.516420,1.161132,0.624444,0.281824,0.134639,0.040196,0.004746,0.000702,0.000000,0.000000,
3900000,30.700000,28.287879,24.152542,18.911392,14.004854,9.444444,5.672185,2.836257,1.186842,0.485915,0.132780,0.011673,0.001754,0.000000,0.000000,,0.964848,1.654135,2.096460,1.962615,1.824164,1.508904,1.134371,0.659766,0.280371,0.141254,0.048443,0.003968,0.000702,0.000000,0.000000,
4000000,30.350000,27.878788,23.847458,18.778481,13.907767,9.500000,5.695364,2.900585,1.252632,0.504695,0.159751,0.013619,0.001754,0.000000,0.000000,,0.988485,1.612532,2.027591,1.948286,1.763107,1.521854,1.117912,0.659181,0.299175,0.137978,0.058453,0.004746,0.000702,0.000000,0.000000,
4100000,30.050000,27.484848,23.593220,18.702532,13.854369,9.542735,5.728477,2.923977,1.284211,0.544601,0.190871,0.019455,0.001754,0.000000,0.000000,,1.026061,1.556651,1.956275,1.939265,1.724654,1.525703,1.121800,0.655906,0.295844,0.141492,0.068566,0.007080,0.000702,0.000000,0.000000,
4200000,29.550000,27.424242,23.203390,18.626582,13.766990,9.517094,5.801325,3.023392,1.328947,0.598592,0.192946,0.027237,0.001754,0.000000,0.000000,,0.850303,1.688341,1.830723,1.943837,1.699959,1.486308,1.111173,0.677778,0.292142,0.162258,0.066283,0.010193,0.000702,0.000000,0.000000,
4300000,29.200000,26.969697,23.144068,18.563291,13.684466,9.542735,5.794702,3.052632,1.410526,0.622066,0.205394,0.036965,0.003509,0.000000,0.000000,,0.892121,1.530252,1.832311,1.951530,1.656692,1.499213,1.096828,0.656842,0.315384,0.166669,0.067372,0.013382,0.001404,0.000000,0.000000,
4400000,28.750000,26.636364,22.813559,18.297468,13.718447,9.478632,5.847682,3.078947,1.463158,0.629108,0.255187,0.033074,0.000000,0.001639,0.000000,,0.845455,1.529122,1.806436,1.831609,1.695926,1.452380,1.107494,0.646316,0.333620,0.149569,0.088845,0.013230,-0.000656,0.000656,0.000000,
4500000,28.450000,26.287879,22.754237,18.151899,13.567961,9.470085,5.913907,3.152047,1.534211,0.669014,0.261411,0.036965,0.005263,0.001639,0.000000,,0.864848,1.413457,1.840935,1.833575,1.639150,1.422471,1.104744,0.647135,0.346079,0.163041,0.089778,0.012681,0.001450,0.000656,0.000000,
4600000,28.150000,26.060606,22.398305,18.132911,13.524272,9.534188,5.913907,3.260234,1.555263,0.711268,0.257261,0.046693,0.005263,0.001639,0.000000,,0.835758,1.464920,1.706157,1.843456,1.596034,1.448112,1.061469,0.681988,0.337598,0.181602,0.084228,0.016572,0.001450,0.000656,0.000000,
4700000,27.900000,25.772727,22.220339,17.930380,13.475728,9.461538,5.986755,3.324561,1.626316,0.701878,0.300830,0.060311,0.008772,0.003279,0.000000,,0.850909,1.420955,1.715984,1.781861,1.605676,1.389913,1.064877,0.679298,0.369775,0.160419,0.096207,0.020616,0.002197,0.001311,0.000000,
4800000,27.500000,25.560606,22.050847,17.791139,13.519417,9.354701,6.000000,3.365497,1.681579,0.734742,0.304979,0.052529,0.015789,0.001639,0.000000,,0.775758,1.403903,1.703883,1.708689,1.665887,1.341880,1.053801,0.673567,0.378735,0.171905,0.100980,0.014696,0.005660,0.000656,0.000000,
4900000,27.300000,25.303030,21.838983,17.721519,13.427184,9.414530,6.036424,3.415205,1.723684,0.765258,0.327801,0.062257,0.012281,0.001639,0.000000,,0.798788,1.385619,1.646986,1.717734,1.605062,1.351242,1.048488,0.676608,0.383370,0.174983,0.106218,0.019990,0.004257,0.000656,0.000000,
5000000,26.850000,25.030303,21.728814,17.500000,13.383495,9.500000,6.016556,3.456140,1.792105,0.791080,0.344398,0.087549,0.024561,0.001639,0.000000,,0.727879,1.320596,1.691525,1.646602,1.553398,1.393377,1.024166,0.665614,0.400410,0.178673,0.102740,0.025195,0.009169,0.000656,0.000000,
5100000,26.600000,24.636364,21.491525,17.506329,13.325243,9.470085,6.059603,3.505848,1.810526,0.838028,0.336100,0.087549,0.021053,0.003279,0.000000,,0.785455,1.257935,1.594079,1.672435,1.542063,1.364193,1.021502,0.678129,0.388999,0.200771,0.099420,0.026598,0.007110,0.001311,0.000000,
5200000,26.150000,24.454545,21.364407,17.297468,13.305825,9.410256,6.149007,3.540936,1.863158,0.854460,0.377593,0.091440,0.029825,0.003279,0.000000,,0.678182,1.236055,1.626775,1.596657,1.558228,1.304500,1.043228,0.671111,0.403479,0.190747,0.114461,0.024646,0.010618,0.001311,0.000000,
5300000,25.800000,24.272727,21.169492,17.164557,13.218447,9.414530,6.165563,3.581871,1.934211,0.847418,0.402490,0.108949,0.029825,0.004918,0.000000,,0.610909,1.241294,1.601974,1.578444,1.521567,1.299587,1.033477,0.659064,0.434717,0.177971,0.117416,0.031650,0.009963,0.001967,0.000000,
5400000,25.650000,24.060606,20.830508,17.101266,13.184466,9.435897,6.254967,3.587719,1.952632,0.889671,0.412863,0.134241,0.026316,0.008197,0.000000,,0.635758,1.292039,1.491697,1.566720,1.499427,1.272372,1.066899,0.654035,0.425184,0.190723,0.111449,0.043170,0.007248,0.003279,0.000000,
5500000,25.450000,23.772727,20.669492,16.924051,13.106796,9.487179,6.149007,3.681287,2.034211,0.924883,0.414938,0.143969,0.033333,0.006557,0.001484,,0.670909,1.241294,1.498176,1.526902,1.447847,1.335269,0.987088,0.658830,0.443731,0.203978,0.108388,0.044254,0.010710,0.002029,0.000593,
5600000,25.150000,23.515152,20.635593,16.955696,13.033981,9.367521,6.235099,3.707602,2.026316,0.976526,0.433610,0.163424,0.026316,0.003279,0.002967,,0.653939,1.151823,1.471959,1.568686,1.466584,1.252969,1.010999,0.672515,0.419916,0.217166,0.108074,0.054843,0.009215,0.000125,0.001187,
5700000,24.750000,23.303030,20.245763,16.835443,13.004854,9.363248,6.241722,3.742690,2.071053,1.009390,0.448133,0.155642,0.035088,0.003279,0.004451,,0.578788,1.222907,1.364128,1.532235,1.456643,1.248610,0.999613,0.668655,0.424665,0.224503,0.116996,0.048222,0.012724,-0.000469,0.001780,
5800000,24.400000,23.106061,20.194915,16.696203,12.941748,9.350427,6.307947,3.780702,2.118421,1.023474,0.487552,0.177043,0.040351,0.006557,0.004451,,0.517576,1.164458,1.399485,1.501782,1.436528,1.216992,1.010898,0.664912,0.437979,0.214369,0.124204,0.054677,0.013517,0.000843,0.001780,
5900000,24.200000,22.848485,20.093220,16.487342,12.815534,9.435897,6.311258,3.868421,2.113158,1.039906,0.491701,0.208171,0.040351,0.008197,0.005935,,0.540606,1.102106,1.442351,1.468723,1.351855,1.249856,0.977135,0.702105,0.429301,0.219282,0.113412,0.067128,0.012862,0.000905,0.002374,
6000000,24.250000,22.651515,19.855932,16.417722,12.830097,9.384615,6.374172,3.874269,2.142105,1.091549,0.533195,0.196498,0.050877,0.009836,0.002967,,0.639394,1.118233,1.375284,1.435050,1.378193,1.204177,0.999961,0.692865,0.420222,0.223342,0.134679,0.058248,0.016416,0.002747,0.001187,
6100000,23.900000,22.454545,19.737288,16.272152,12.781553,9.380342,6.304636,3.938596,2.194737,1.117371,0.535270,0.215953,0.054386,0.011475,0.004451,,0.578182,1.086903,1.386054,1.396239,1.360485,1.230282,0.946416,0.697544,0.430946,0.232840,0.127727,0.064627,0.017164,0.002810,0.001780,
6200000,23.750000,22.303030,19.652542,16.113924,12.689320,9.384615,6.344371,3.918129,2.242105,1.143192,0.539419,0.250973,0.059649,0.013115,0.002967,,0.578788,1.060195,1.415447,1.369841,1.321882,1.216098,0.970497,0.670409,0.439565,0.241509,0.115379,0.076529,0.018614,0.004059,0.001187,
6300000,23.600000,22.106061,19.508475,16.012658,12.626214,9.384615,6.403974,3.947368,2.278947,1.192488,0.524896,0.268482,0.061404,0.011475,0.004451,,0.597576,1.039034,1.398327,1.354578,1.296639,1.192257,0.982642,0.667368,0.434584,0.267037,0.102566,0.082832,0.019971,0.002810,0.001780,
6400000,23.400000,21.909091,19.364407,15.905063,12.553398,9.440171,6.427152,3.935673,2.339474,1.215962,0.566390,0.252918,0.075439,0.011475,0.005935,,0.596364,1.017874,1.383737,1.340666,1.245291,1.205207,0.996592,0.638480,0.449404,0.259829,0.125389,0.070992,0.025585,0.002216,0.002374,
6500000,23.100000,21.803030,19.127119,15.797468,12.538835,9.324786,6.410596,3.991228,2.350000,1.262911,0.593361,0.256809,0.091228,0.009836,0.002967,,0.518788,1.070365,1.331860,1.303453,1.285619,1.165676,0.967747,0.656491,0.434836,0.267820,0.134621,0.066233,0.032557,0.002747,0.001187,
6600000,22.800000,21.621212,18.940678,15.810127,12.427184,9.303419,6.486755,3.976608,2.423684,1.274648,0.614108,0.282101,0.082456,0.021311,0.001484,,0.471515,1.072214,1.252221,1.353177,1.249506,1.126666,1.004059,0.621170,0.459615,0.264216,0.132803,0.079858,0.024458,0.007931,0.000593,
6700000,22.600000,21.409091,18.813559,15.677215,12.359223,9.320513,6.476821,4.032164,2.421053,1.312207,0.626556,0.291829,0.087719,0.026230,0.002967,,0.476364,1.038213,1.254538,1.327197,1.215484,1.137477,0.977863,0.644444,0.443538,0.274260,0.133891,0.081644,0.024596,0.009305,0.001187,
6800000,22.550000,21.136364,18.677966,15.645570,12.344660,9.307692,6.493377,4.087719,2.413158,1.340376,0.645228,0.315175,0.089474,0.024590,0.004451,,0.565455,0.983359,1.212959,1.320364,1.214787,1.125726,0.962263,0.669825,0.429113,0.278059,0.132021,0.090281,0.025953,0.008056,0.001780,
6900000,22.350000,20.939394,18.542373,15.512658,12.286408,9.243590,6.447020,4.116959,2.431579,1.354460,0.649378,0.336576,0.105263,0.027869,0.005935,,0.564242,0.958808,1.211886,1.290500,1.217127,1.118628,0.932024,0.674152,0.430848,0.282033,0.125121,0.092525,0.030958,0.008774,0.002374,
7000000,22.050000,20.893939,18.415254,15.386076,12.252427,9.286325,6.493377,4.096491,2.489474,1.342723,0.721992,0.344358,0.108772,0.026230,0.007418,,0.462424,0.991474,1.211671,1.253460,1.186441,1.117179,0.958755,0.642807,0.458700,0.248293,0.151053,0.094234,0.033017,0.007524,0.002967,
7100000,21.900000,20.651515,18.194915,15.411392,12.165049,9.269231,6.483444,4.184211,2.528947,1.382629,0.728216,0.342412,0.115789,0.031148,0.007418,,0.499394,0.982640,1.113409,1.298538,1.158327,1.114315,0.919693,0.662105,0.458527,0.261765,0.154321,0.090649,0.033857,0.009492,0.002967,
7200000,21.700000,20.484848,18.025424,15.272152,12.111650,9.273504,6.486755,4.181287,2.586842,1.408451,0.736515,0.361868,0.122807,0.037705,0.008902,,0.486061,0.983770,1.101309,1.264201,1.135258,1.114700,0.922187,0.637778,0.471357,0.268774,0.149859,0.095624,0.034041,0.011521,0.003561,
7300000,21.350000,20.409091,18.008475,15.164557,12.043689,9.252137,6.523179,4.239766,2.594737,1.446009,0.732365,0.375486,0.145614,0.040984,0.002967,,0.376364,0.960247,1.137567,1.248347,1.116621,1.091583,0.913365,0.658012,0.459491,0.285458,0.142752,0.091949,0.041852,0.015206,0.001187,
7400000,21.150000,20.151515,17.940678,14.987342,12.009709,9.273504,6.483444,4.233918,2.628947,1.467136,0.748963,0.396887,0.159649,0.037705,0.010386,,0.399394,0.884335,1.181334,1.191053,1.094482,1.116024,0.899810,0.641988,0.464724,0.287269,0.140830,0.094895,0.048778,0.010928,0.004154,
7500000,21.100000,20.015152,17.737288,14.930380,12.000000,9.209402,6.529801,4.239766,2.642105,1.514085,0.773859,0.387160,0.180702,0.040984,0.011869,,0.433939,0.911145,1.122763,1.172152,1.116239,1.071840,0.916014,0.639064,0.451208,0.296090,0.154680,0.082583,0.055887,0.011646,0.004748,
7600000,20.850000,19.863636,17.669492,14.886076,11.951456,9.170940,6.539735,4.277778,2.663158,1.528169,0.794606,0.426070,0.159649,0.049180,0.016320,,0.394545,0.877658,1.113366,1.173848,1.112206,1.052482,0.904783,0.645848,0.453996,0.293425,0.147414,0.106568,0.044188,0.013144,0.006528,
7700000,20.750000,19.636364,17.516949,14.791139,11.936893,9.183761,6.480132,4.321637,2.660526,1.582160,0.811203,0.422179,0.173684,0.059016,0.016320,,0.445455,0.847766,1.090324,1.141698,1.101253,1.081451,0.863398,0.664444,0.431347,0.308383,0.155610,0.099398,0.045867,0.017078,0.006528,
7800000,20.550000,19.575758,17.381356,14.753165,11.830097,9.128205,6.506623,4.339181,2.723684,1.591549,0.819502,0.447471,0.173684,0.052459,0.026706,,0.389697,0.877761,1.051277,1.169227,1.080757,1.048633,0.866976,0.646199,0.452854,0.308819,0.148813,0.109515,0.048490,0.010301,0.010682,
7900000,20.250000,19.409091,17.271186,14.645570,11.820388,9.145299,6.493377,4.397661,2.731579,1.598592,0.848548,0.437743,0.203509,0.055738,0.022255,,0.336364,0.855162,1.050247,1.130073,1.070036,1.060769,0.838287,0.666433,0.453195,0.300018,0.164322,0.093694,0.059108,0.013393,0.008902,
8000000,20.150000,19.151515,17.237288,14.512658,11.815534,9.102564,6.523179,4.441520,2.755263,1.636150,0.821577,0.468872,0.233333,0.054098,0.019288,,0.399394,0.765691,1.089852,1.078850,1.085188,1.031754,0.832663,0.674503,0.447645,0.325829,0.141082,0.094215,0.071694,0.013924,0.007715,
8100000,20.050000,19.060606,17.000000,14.518987,11.771845,9.051282,6.549669,4.403509,2.794737,1.622066,0.860996,0.492218,0.236842,0.057377,0.019288,,0.395758,0.824242,0.992405,1.098857,1.088225,1.000645,0.858464,0.643509,0.469068,0.304428,0.147511,0.102150,0.071786,0.015236,0.007715,
8200000,19.650000,18.878788,16.762712,14.518987,11.684466,8.987179,6.556291,4.418129,2.784211,1.659624,0.900415,0.503891,0.243860,0.067213,0.017804,,0.308485,0.846430,0.897490,1.133809,1.078915,0.972355,0.855265,0.653567,0.449834,0.303684,0.158610,0.104013,0.070659,0.019764,0.007122,
8300000,19.550000,18.742424,16.686441,14.398734,11.640777,9.034188,6.592715,4.400585,2.810526,1.673709,0.921162,0.507782,0.263158,0.072131,0.028190,,0.323030,0.822393,0.915083,1.103183,1.042635,0.976589,0.876852,0.636023,0.454727,0.301019,0.165352,0.097850,0.076411,0.017576,0.011276,
8400000,19.250000,18.606061,16.627119,14.291139,11.563107,9.008547,6.599338,4.450292,2.839474,1.727700,0.929461,0.492218,0.282456,0.067213,0.029674,,0.257576,0.791577,0.934392,1.091213,1.021824,0.963684,0.859618,0.644327,0.444710,0.319296,0.174897,0.083905,0.086097,0.015016,0.011869,
8500000,19.250000,18.454545,16.644068,14.164557,11.548544,8.957265,6.599338,4.438596,2.868421,1.741784,0.935685,0.507782,0.278947,0.093443,0.029674,,0.318182,0.724191,0.991804,1.046405,1.036511,0.943171,0.864297,0.628070,0.450655,0.322440,0.171161,0.091534,0.074202,0.025508,0.011869,
8600000,19.150000,18.318182,16.466102,14.120253,11.495146,8.914530,6.589404,4.485380,2.878947,1.753521,0.973029,0.538911,0.284211,0.085246,0.043027,,0.332727,0.740832,0.938339,1.050043,1.032246,0.930050,0.841610,0.642573,0.450170,0.312197,0.173647,0.101880,0.079586,0.016888,0.017211,
8700000,18.900000,18.303030,16.313559,14.101266,11.456311,8.876068,6.589404,4.535088,2.876316,1.774648,0.995851,0.554475,0.301754,0.083607,0.050445,,0.238788,0.795788,0.884917,1.057982,1.032097,0.914666,0.821727,0.663509,0.440667,0.311519,0.176550,0.101088,0.087259,0.013265,0.020178,
8800000,18.850000,18.075758,16.194915,14.050633,11.432039,8.807692,6.582781,4.511696,2.942105,1.755869,1.037344,0.566148,0.301754,0.096721,0.045994,,0.309697,0.752337,0.857713,1.047438,1.049739,0.889964,0.828434,0.627836,0.474495,0.287410,0.188479,0.105757,0.082013,0.020291,0.018398,
8900000,18.700000,18.015152,16.110169,13.949367,11.388350,8.786325,6.596026,4.494152,2.934211,1.795775,1.060166,0.564202,0.305263,0.104918,0.044510,,0.273939,0.761993,0.864321,1.024407,1.040810,0.876119,0.840750,0.623977,0.455374,0.294243,0.198385,0.103576,0.080138,0.024163,0.017804,
9000000,18.550000,17.878788,16.016949,13.848101,11.286408,8.880342,6.569536,4.570175,2.939474,1.847418,1.049793,0.603113,0.292982,0.131148,0.037092,,0.268485,0.744735,0.867539,1.024677,0.962426,0.924322,0.799744,0.652281,0.436822,0.319050,0.178672,0.124052,0.064734,0.037622,0.014837,
9100000,18.500000,17.757576,15.957627,13.797468,11.252427,8.790598,6.562914,4.567251,2.960526,1.852113,1.078838,0.593385,0.331579,0.129508,0.041543,,0.296970,0.719979,0.864064,1.018016,0.984732,0.891074,0.798265,0.642690,0.443365,0.309310,0.194181,0.104723,0.080828,0.035186,0.016617,
9200000,18.450000,17.560606,15.881356,13.677215,11.242718,8.760684,6.579470,4.578947,2.986842,1.873239,1.064315,0.610895,0.349123,0.129508,0.047478,,0.355758,0.671700,0.881656,0.973799,0.992814,0.872485,0.800209,0.636842,0.445441,0.323570,0.181368,0.104709,0.087846,0.032812,0.018991,
9300000,18.250000,17.424242,15.847458,13.626582,11.126214,8.811966,6.589404,4.590643,3.031579,1.882629,1.101660,0.630350,0.321053,0.145902,0.054896,,0.330303,0.630714,0.888350,1.000147,0.925699,0.889025,0.799504,0.623626,0.459580,0.312388,0.188524,0.123719,0.070060,0.036402,0.021958,
9400000,18.300000,17.363636,15.694915,13.537975,11.101942,8.786325,6.556291,4.614035,3.026316,1.910798,1.107884,0.645914,0.336842,0.152459,0.059347,,0.374545,0.667488,0.862776,0.974413,0.926247,0.892013,0.776903,0.635088,0.446207,0.321166,0.184788,0.123629,0.073753,0.037245,0.023739,
9500000,17.900000,17.303030,15.593220,13.424051,11.087379,8.752137,6.592715,4.587719,3.089474,1.901408,1.141079,0.640078,0.349123,0.165574,0.048961,,0.238788,0.683924,0.867668,0.934669,0.934097,0.863769,0.801998,0.599298,0.475226,0.304132,0.200400,0.116382,0.073420,0.046645,0.019585,
9600000,17.850000,17.151515,15.457627,13.398734,11.087379,8.653846,6.619205,4.593567,3.071053,1.962441,1.161826,0.640078,0.363158,0.160656,0.062315,,0.279394,0.677555,0.823557,0.924542,0.973413,0.813856,0.810255,0.609006,0.443445,0.320246,0.208699,0.110768,0.081001,0.039336,0.024926,
9700000,17.700000,17.030303,15.415254,13.329114,11.024272,8.653846,6.612583,4.581871,3.139474,1.943662,1.188797,0.669261,0.340351,0.191803,0.066766,,0.267879,0.646020,0.834456,0.921937,0.948170,0.816505,0.812285,0.576959,0.478325,0.301946,0.207814,0.131564,0.059419,0.050015,0.026706,
9800000,17.700000,16.893939,15.296610,13.310127,10.990291,8.611111,6.582781,4.605263,3.131579,1.971831,1.188797,0.684825,0.352632,0.178689,0.072700,,0.322424,0.638932,0.794593,0.927934,0.951672,0.811332,0.791007,0.589474,0.463899,0.313214,0.201589,0.132877,0.069577,0.042395,0.029080,
9900000,17.550000,16.742424,15.262712,13.240506,11.000000,8.619658,6.543046,4.605263,3.142105,2.025822,1.192946,0.714008,0.373684,0.168852,0.069733,,0.323030,0.591885,0.808882,0.896203,0.952137,0.830645,0.775113,0.585263,0.446513,0.333150,0.191575,0.136129,0.081933,0.039648,0.027893,
10000000,17.400000,16.606061,15.084746,13.164557,10.902913,8.623932,6.506623,4.616959,3.160526,2.009390,1.217842,0.712062,0.391228,0.165574,0.089021,,0.317576,0.608526,0.768076,0.904658,0.911592,0.846924,0.755865,0.582573,0.460455,0.316619,0.202312,0.128334,0.090262,0.030621,0.035608,
10100000,17.350000,16.560606,15.016949,13.094937,10.888350,8.628205,6.509934,4.611111,3.213158,2.042254,1.242739,0.721790,0.391228,0.191803,0.084570,,0.315758,0.617463,0.768805,0.882635,0.904058,0.847309,0.759529,0.559181,0.468362,0.319806,0.208379,0.132225,0.079770,0.042893,0.033828,
10200000,17.200000,16.439394,14.957627,12.974684,10.873786,8.585470,6.533113,4.657895,3.168421,2.077465,1.215768,0.741245,0.394737,0.204918,0.091988,,0.304242,0.592707,0.793177,0.840359,0.915327,0.820943,0.750087,0.595789,0.436383,0.344679,0.189809,0.138603,0.075928,0.045172,0.036795,
10300000,17.100000,16.363636,14.838983,12.886076,10.820388,8.619658,6.562914,4.646199,3.202632,2.068075,1.265560,0.739300,0.394737,0.218033,0.081602,,0.294545,0.609861,0.781163,0.826275,0.880292,0.822698,0.766686,0.577427,0.453823,0.321006,0.210504,0.137825,0.070682,0.054572,0.032641,
10400000,16.900000,16.257576,14.788136,12.835443,10.786408,8.572650,6.506623,4.681287,3.218421,2.086854,1.307054,0.766537,0.389474,0.224590,0.090504,,0.256970,0.587776,0.781077,0.819614,0.885503,0.826411,0.730134,0.585146,0.452627,0.311920,0.216207,0.150825,0.065953,0.053634,0.036202,
10500000,16.600000,16.227273,14.610169,12.810127,10.728155,8.568376,6.476821,4.716374,3.210526,2.091549,1.298755,0.785992,0.421053,0.219672,0.106825,,0.149091,0.646841,0.720017,0.832788,0.863912,0.836622,0.704179,0.602339,0.447591,0.317118,0.205105,0.145976,0.080552,0.045139,0.042730,
10600000,16.750000,15.969697,14.567797,12.803797,10.703883,8.568376,6.473510,4.663743,3.226316,2.107981,1.336100,0.778210,0.421053,0.213115,0.120178,,0.312121,0.560760,0.705600,0.839966,0.854203,0.837946,0.723907,0.574971,0.447334,0.308753,0.223156,0.142863,0.083175,0.037175,0.048071,
10700000,16.550000,15.893939,14.491525,12.677215,10.601942,8.529915,6.533113,4.692982,3.228947,2.157277,1.327801,0.801556,0.421053,0.231148,0.123145,,0.262424,0.560966,0.725724,0.830109,0.828811,0.798721,0.736052,0.585614,0.428668,0.331790,0.210498,0.152202,0.075962,0.043201,0.049258,
10800000,16.400000,15.772727,14.474576,12.651899,10.606796,8.495726,6.506623,4.716374,3.239474,2.136150,1.369295,0.793774,0.459649,0.224590,0.115727,,0.250909,0.519260,0.729071,0.818041,0.844428,0.795642,0.716099,0.590760,0.441329,0.306742,0.230208,0.133650,0.094024,0.043545,0.046291,
10900000,16.250000,15.742424,14.415254,12.531646,10.519417,8.517094,6.493377,4.698830,3.244737,2.166667,1.371369,0.799611,0.468421,0.240984,0.120178,,0.203030,0.530868,0.753443,0.804891,0.800929,0.809487,0.717819,0.581637,0.431228,0.318119,0.228703,0.132476,0.090975,0.048322,0.048071,
11000000,16.250000,15.500000,14.389831,12.512658,10.524272,8.495726,6.470199,4.710526,3.300000,2.157277,1.396266,0.824903,0.477193,0.234426,0.112760,,0.300000,0.444068,0.750869,0.795355,0.811418,0.810211,0.703869,0.564211,0.457089,0.304405,0.228545,0.139084,0.097107,0.048667,0.045104,
11100000,16.050000,15.469697,14.245763,12.468354,10.407767,8.431624,6.463576,4.701754,3.294737,2.230047,1.377593,0.844358,0.487719,0.244262,0.114243,,0.232121,0.489574,0.710963,0.824235,0.790457,0.787219,0.704729,0.562807,0.425876,0.340981,0.213294,0.142655,0.097383,0.052008,0.045697,
11200000,15.950000,15.348485,14.211864,12.392405,10.446602,8.371795,6.470199,4.736842,3.294737,2.230047,1.400415,0.844358,0.503509,0.249180,0.123145,,0.240606,0.454648,0.727784,0.778321,0.829923,0.760638,0.693343,0.576842,0.425876,0.331853,0.222423,0.136340,0.101731,0.050414,0.049258,
11300000,15.800000,15.333333,14.144068,12.303797,10.349515,8.384615,6.453642,4.730994,3.326316,2.246479,1.423237,0.863813,0.491228,0.273770,0.126113,,0.186667,0.475706,0.736108,0.781713,0.785960,0.772389,0.689059,0.561871,0.431935,0.329297,0.223769,0.149034,0.086983,0.059063,0.050445,
11400000,15.700000,15.166667,14.008475,12.335443,10.286408,8.448718,6.443709,4.742690,3.352632,2.276995,1.404564,0.861868,0.510526,0.291803,0.126113,,0.213333,0.463277,0.669213,0.819614,0.735076,0.802004,0.680407,0.556023,0.430255,0.348972,0.217079,0.140537,0.087489,0.066276,0.050445,
11500000,15.700000,15.106061,13.940678,12.164557,10.291262,8.367521,6.516556,4.736842,3.371053,2.279343,1.419087,0.900778,0.522807,0.268852,0.137982,,0.237576,0.466153,0.710448,0.749318,0.769496,0.740386,0.711886,0.546316,0.436684,0.344102,0.207324,0.151188,0.101582,0.052348,0.055193,
11600000,15.700000,14.909091,13.864407,12.227848,10.242718,8.303419,6.556291,4.692982,3.357895,2.312207,1.452282,0.892996,0.554386,0.280328,0.132047,,0.316364,0.417874,0.654623,0.794052,0.775720,0.698851,0.745324,0.534035,0.418275,0.343970,0.223714,0.135444,0.109623,0.059312,0.052819,
11700000,15.650000,14.848485,13.711864,12.120253,10.169903,8.337607,6.496689,4.707602,3.355263,2.347418,1.450207,0.904669,0.542105,0.286885,0.146884,,0.320606,0.454648,0.636644,0.780140,0.732918,0.736367,0.715635,0.540936,0.403138,0.358884,0.218215,0.145026,0.102088,0.056000,0.058754,
11800000,15.500000,14.803030,13.661017,12.132911,10.121359,8.299145,6.466887,4.733918,3.386842,2.326291,1.483402,0.902724,0.559649,0.303279,0.130564,,0.278788,0.456805,0.611242,0.804621,0.728886,0.732903,0.693188,0.538830,0.424220,0.337155,0.232272,0.137230,0.102548,0.069086,0.052226,
11900000,15.400000,14.712121,13.584746,11.993671,10.072816,8.252137,6.453642,4.771930,3.400000,2.309859,1.522822,0.914397,0.580702,0.290164,0.143917,,0.275152,0.450950,0.636430,0.768342,0.728272,0.719398,0.672685,0.548772,0.436056,0.314815,0.243370,0.133478,0.116215,0.058499,0.057567,
12000000,15.250000,14.651515,13.508475,11.955696,10.058252,8.217949,6.466887,4.733918,3.431579,2.316901,1.526971,0.914397,0.584211,0.322951,0.149852,,0.239394,0.457216,0.621111,0.758978,0.736121,0.700425,0.693188,0.520936,0.445871,0.315972,0.245030,0.132075,0.104504,0.069240,0.059941,
12100000,15.200000,14.606061,13.440678,11.854430,10.038835,8.230769,6.430464,4.771930,3.434211,2.323944,1.547718,0.928016,0.594737,0.326230,0.149852,,0.237576,0.466153,0.634499,0.726238,0.723226,0.720122,0.663414,0.535088,0.444107,0.310490,0.247881,0.133311,0.107403,0.070551,0.059941,
12200000,15.100000,14.545455,13.355932,11.822785,9.985437,8.183761,6.443709,4.783626,3.442105,2.321596,1.543568,0.939689,0.610526,0.324590,0.161721,,0.221818,0.475809,0.613259,0.734939,0.720670,0.696021,0.664033,0.536608,0.448204,0.311211,0.241552,0.131665,0.114374,0.065148,0.064688,
12300000,15.050000,14.424242,13.313559,11.759494,10.000000,8.175214,6.420530,4.827485,3.428947,2.375587,1.545643,0.961089,0.587719,0.349180,0.172107,,0.250303,0.444273,0.621626,0.703797,0.729915,0.701874,0.637218,0.559415,0.421344,0.331977,0.233821,0.149348,0.095416,0.070829,0.068843,
12400000,14.750000,14.393939,13.237288,11.715190,9.956311,8.196581,6.377483,4.836257,3.442105,2.375587,1.547718,0.970817,0.598246,0.362295,0.172107,,0.142424,0.462661,0.608839,0.703552,0.703892,0.727639,0.616490,0.557661,0.426607,0.331148,0.230760,0.149029,0.094380,0.076075,0.068843,
12500000,14.600000,14.363636,13.110169,11.727848,9.912621,8.123932,6.430464,4.842105,3.452632,2.406103,1.541494,0.984436,0.605263,0.370492,0.181009,,0.094545,0.501387,0.552929,0.726091,0.715476,0.677387,0.635343,0.555789,0.418611,0.345844,0.222823,0.151669,0.093909,0.075793,0.072404,
12600000,14.700000,14.196970,13.093220,11.677215,9.902913,8.111111,6.390728,4.807018,3.481579,2.429577,1.562241,0.978599,0.626316,0.383607,0.167656,,0.201212,0.441500,0.566402,0.709721,0.716721,0.688153,0.633484,0.530175,0.420801,0.346935,0.233457,0.140913,0.097084,0.086380,0.067062,
12700000,14.550000,14.090909,13.033898,11.639241,9.898058,8.085470,6.357616,4.818713,3.497368,2.434272,1.589212,0.982490,0.624561,0.390164,0.175074,,0.183636,0.422804,0.557863,0.696473,0.725035,0.691142,0.615561,0.528538,0.425238,0.338024,0.242689,0.143172,0.093759,0.086036,0.070030,
12800000,14.500000,14.060606,12.974576,11.563291,9.868932,8.072650,6.341060,4.780702,3.502632,2.457746,1.593361,0.992218,0.614035,0.400000,0.182493,,0.175758,0.434412,0.564514,0.677744,0.718513,0.692636,0.624143,0.511228,0.417954,0.345754,0.240457,0.151273,0.085614,0.087003,0.072997,
12900000,14.350000,14.015152,12.838983,11.531646,9.893204,8.000000,6.317881,4.833333,3.486842,2.476526,1.597510,1.017510,0.652632,0.354098,0.207715,,0.133939,0.470467,0.522935,0.655377,0.757282,0.672848,0.593819,0.538596,0.404127,0.351606,0.232000,0.145951,0.119413,0.058553,0.083086,
13000000,14.350000,13.863636,12.847458,11.474684,9.800971,7.978632,6.291391,4.850877,3.486842,2.492958,1.614108,1.027237,0.673684,0.367213,0.206231,,0.194545,0.406471,0.549110,0.669485,0.728935,0.674897,0.576205,0.545614,0.397554,0.351540,0.234748,0.141421,0.122588,0.064393,0.082493,
13100000,14.250000,13.833333,12.813559,11.411392,9.786408,7.935897,6.288079,4.821637,3.481579,2.485915,1.663900,1.025292,0.675439,0.388525,0.212166,,0.166667,0.407910,0.560867,0.649994,0.740204,0.659127,0.586577,0.536023,0.398265,0.328806,0.255443,0.139941,0.114766,0.070543,0.084866,
13200000,14.250000,13.727273,12.737288,11.411392,9.733010,7.940171,6.288079,4.827485,3.492105,2.485915,1.655602,1.054475,0.675439,0.393443,0.216617,,0.209091,0.395994,0.530358,0.671353,0.717136,0.660837,0.584238,0.534152,0.402476,0.332126,0.240451,0.151614,0.112798,0.070730,0.086647,
13300000,14.150000,13.681818,12.644068,11.379747,9.669903,7.970085,6.268212,4.871345,3.507895,2.488263,1.643154,1.087549,0.671930,0.401639,0.221068,,0.187273,0.415100,0.505728,0.683938,0.679927,0.680749,0.558747,0.545380,0.407853,0.338044,0.222242,0.166248,0.108116,0.072228,0.088427,
13400000,14.100000,13.606061,12.618644,11.246835,9.650485,7.940171,6.241722,4.850877,3.555263,2.488263,1.651452,1.097276,0.670175,0.404918,0.225519,,0.197576,0.394967,0.548723,0.638540,0.684126,0.679380,0.556338,0.518246,0.426800,0.334724,0.221670,0.170840,0.106103,0.071759,0.090208,
13500000,14.000000,13.560606,12.593220,11.170886,9.631068,7.948718,6.284768,4.801170,3.552632,2.521127,1.676349,1.097276,0.670175,0.416393,0.222552,,0.175758,0.386954,0.568934,0.615927,0.672940,0.665580,0.593439,0.499415,0.412602,0.337911,0.231629,0.170840,0.101513,0.077537,0.089021,
13600000,13.950000,13.500000,12.491525,11.158228,9.548544,7.931624,6.254967,4.804094,3.576316,2.490610,1.703320,1.110895,0.692982,0.403279,0.240356,,0.180000,0.403390,0.533319,0.643874,0.646768,0.670663,0.580349,0.491111,0.434282,0.314916,0.236970,0.167165,0.115882,0.065169,0.096142,
13700000,13.900000,13.424242,12.457627,11.063291,9.533981,7.931624,6.271523,4.815789,3.560526,2.537559,1.709544,1.103113,0.703509,0.406557,0.240356,,0.190303,0.386646,0.557734,0.611724,0.640943,0.664040,0.582293,0.502105,0.409187,0.331206,0.242572,0.159842,0.118781,0.066481,0.096142,
13800000,13.800000,13.363636,12.406780,11.012658,9.475728,7.863248,6.321192,4.807018,3.560526,2.530516,1.707469,1.134241,0.712281,0.409836,0.241840,,0.174545,0.382743,0.557649,0.614772,0.644992,0.616822,0.605670,0.498596,0.412004,0.329219,0.229291,0.168784,0.120978,0.067199,0.096736,
13900000,13.700000,13.318182,12.381356,10.949367,9.456311,7.799145,6.298013,4.839181,3.568421,2.561033,1.734440,1.136187,0.715789,0.442623,0.240356,,0.152727,0.374730,0.572796,0.597223,0.662866,0.600453,0.583533,0.508304,0.402955,0.330637,0.239301,0.168159,0.109267,0.080907,0.096142,
14000000,13.700000,13.272727,12.271186,10.943038,9.417476,7.807692,6.271523,4.818713,3.581579,2.549296,1.732365,1.143969,0.710526,0.444262,0.265579,,0.170909,0.400616,0.531259,0.610225,0.643913,0.614468,0.581124,0.494854,0.412913,0.326772,0.235359,0.173377,0.106506,0.071473,0.106231,
14100000,13.650000,13.242424,12.228814,10.860759,9.432039,7.816239,6.251656,4.833333,3.592105,2.544601,1.778008,1.132296,0.743860,0.427869,0.272997,,0.163030,0.405444,0.547222,0.571488,0.646320,0.625833,0.567329,0.496491,0.419002,0.306637,0.258285,0.155374,0.126396,0.061949,0.109199,
14200000,13.600000,13.121212,12.135593,10.854430,9.378641,7.807692,6.258278,4.809942,3.594737,2.563380,1.746888,1.157588,0.752632,0.436066,0.272997,,0.191515,0.394248,0.512465,0.590316,0.628379,0.619766,0.579335,0.486082,0.412543,0.326597,0.235720,0.161982,0.126626,0.065227,0.109199,
14300000,13.600000,13.045455,12.135593,10.791139,9.325243,7.811966,6.258278,4.821637,3.592105,2.584507,1.755187,1.165370,0.750877,0.447541,0.274481,,0.221818,0.363945,0.537782,0.586359,0.605311,0.621475,0.574656,0.491813,0.403039,0.331728,0.235927,0.165797,0.121334,0.069224,0.109792,
14400000,13.400000,13.000000,12.016949,10.778481,9.305825,7.756410,6.261589,4.783626,3.602632,2.591549,1.769710,1.184825,0.757895,0.440984,0.281899,,0.160000,0.393220,0.495387,0.589062,0.619766,0.597928,0.591185,0.472398,0.404433,0.328736,0.233954,0.170772,0.126764,0.063634,0.112760,
14500000,13.350000,12.969697,11.983051,10.753165,9.286408,7.743590,6.245033,4.769006,3.586842,2.582160,1.800830,1.178988,0.752632,0.467213,0.278932,,0.152121,0.394658,0.491955,0.586703,0.617127,0.599423,0.590411,0.472865,0.401873,0.312532,0.248737,0.170543,0.114167,0.075313,0.111573,
14600000,13.350000,12.833333,11.974576,10.683544,9.223301,7.726496,6.268212,4.798246,3.584211,2.600939,1.786307,1.212062,0.757895,0.475410,0.287834,,0.206667,0.343503,0.516413,0.584097,0.598722,0.583314,0.587987,0.485614,0.393309,0.325853,0.229698,0.181667,0.112994,0.075030,0.115134,
14700000,13.350000,12.757576,11.906780,10.664557,9.165049,7.700855,6.231788,4.801170,3.613158,2.591549,1.794606,1.221790,0.743860,0.500000,0.286350,,0.236970,0.340318,0.496889,0.599803,0.585678,0.587627,0.572247,0.475205,0.408643,0.318777,0.229126,0.191172,0.097544,0.085460,0.114540,
14800000,13.250000,12.681818,11.889831,10.525316,9.194175,7.666667,6.205298,4.804094,3.607895,2.617371,1.838174,1.231518,0.764912,0.473770,0.313056,,0.227273,0.316795,0.545806,0.532457,0.611003,0.584547,0.560482,0.478480,0.396210,0.311679,0.242663,0.186642,0.116457,0.064286,0.125223,
14900000,13.200000,12.666667,11.796610,10.468354,9.131068,7.705128,6.211921,4.824561,3.594737,2.624413,1.825726,1.219844,0.782456,0.488525,0.314540,,0.213333,0.348023,0.531302,0.534915,0.570376,0.597283,0.554944,0.491930,0.388129,0.319475,0.242353,0.174955,0.117573,0.069594,0.125816,
15000000,13.200000,12.590909,11.754237,10.443038,9.101942,7.653846,6.188742,4.824561,3.565789,2.652582,1.815353,1.241245,0.803509,0.490164,0.308605,,0.243636,0.334669,0.524480,0.536438,0.579238,0.586042,0.545672,0.503509,0.365283,0.334892,0.229643,0.175095,0.125338,0.072623,0.123442,
15100000,13.100000,12.560606,11.686441,10.449367,9.053398,7.632479,6.185430,4.824561,3.576316,2.661972,1.804979,1.262646,0.789474,0.501639,0.329377,,0.215758,0.349666,0.494829,0.558388,0.568368,0.578819,0.544348,0.499298,0.365738,0.342797,0.216933,0.189269,0.115134,0.068905,0.131751,
15200000,13.000000,12.484848,11.652542,10.398734,9.000000,7.658120,6.201987,4.798246,3.576316,2.652582,1.840249,1.274319,0.807018,0.524590,0.307122,,0.206061,0.332922,0.501523,0.559494,0.536752,0.582453,0.561496,0.488772,0.369493,0.324933,0.226372,0.186921,0.112971,0.086987,0.122849,
15300000,12.950000,12.409091,11.567797,10.411392,8.975728,7.611111,6.211921,4.760234,3.652632,2.664319,1.834025,1.256809,0.814035,0.532787,0.326409,,0.216364,0.336518,0.462562,0.574266,0.545847,0.559676,0.580675,0.443041,0.395325,0.332118,0.230886,0.177110,0.112499,0.082551,0.130564,
15400000,12.750000,12.424242,11.508475,10.386076,9.004854,7.555556,6.188742,4.780702,3.628947,2.657277,1.842324,1.268482,0.824561,0.539344,0.321958,,0.130303,0.366307,0.448959,0.552489,0.579720,0.546726,0.563216,0.460702,0.388668,0.325981,0.229536,0.177568,0.114087,0.086954,0.128783,
15500000,12.750000,12.348485,11.440678,10.335443,8.985437,7.547009,6.172185,4.774854,3.613158,2.669014,1.869295,1.272374,0.826316,0.559016,0.321958,,0.160606,0.363123,0.442094,0.540002,0.575371,0.549929,0.558933,0.464678,0.377658,0.319888,0.238768,0.178423,0.106920,0.094823,0.128783,
15600000,12.650000,12.272727,11.415254,10.272152,8.951456,7.547009,6.142384,4.824561,3.634211,2.690141,1.875519,1.274319,0.833333,0.555738,0.332344,,0.150909,0.342989,0.457241,0.528278,0.561779,0.561850,0.527129,0.476140,0.377628,0.325849,0.240480,0.176394,0.111038,0.089357,0.132938,
15700000,12.550000,12.181818,11.415254,10.221519,8.946602,7.534188,6.188742,4.771930,3.647368,2.706573,1.871369,1.293774,0.838596,0.570492,0.326409,,0.147273,0.306626,0.477494,0.509967,0.564966,0.538179,0.566725,0.449825,0.376318,0.334081,0.231038,0.182071,0.107242,0.097633,0.130564,
15800000,12.450000,12.090909,11.322034,10.265823,8.854369,7.508547,6.178808,4.763158,3.655263,2.704225,1.877593,1.291829,0.852632,0.565574,0.339763,,0.143636,0.307550,0.422484,0.564582,0.538329,0.531896,0.566260,0.443158,0.380415,0.330653,0.234306,0.175679,0.114823,0.090324,0.135905,
15900000,12.300000,12.106061,11.220339,10.208861,8.854369,7.478632,6.152318,4.786550,3.652632,2.723005,1.887967,1.301556,0.863158,0.549180,0.357567,,0.077576,0.354289,0.404591,0.541797,0.550295,0.530526,0.546307,0.453567,0.371851,0.334015,0.234564,0.175359,0.125591,0.076645,0.143027,
16000000,12.300000,12.030303,11.152542,10.151899,8.805825,7.482906,6.096026,4.801170,3.668421,2.744131,1.879668,1.307393,0.859649,0.563934,0.370920,,0.107879,0.351104,0.400257,0.538429,0.529168,0.554752,0.517943,0.453099,0.369716,0.345785,0.228910,0.179098,0.118286,0.077206,0.148368,
16100000,12.400000,11.939394,11.161017,10.082278,8.796117,7.431624,6.119205,4.789474,3.713158,2.715962,1.914938,1.305447,0.856140,0.578689,0.360534,,0.184242,0.311351,0.431495,0.514465,0.545797,0.524967,0.531893,0.430526,0.398878,0.320410,0.243796,0.179723,0.110981,0.087262,0.144214,
16200000,12.400000,11.924242,11.135593,10.000000,8.791262,7.440171,6.092715,4.774854,3.689474,2.748826,1.906639,1.313230,0.873684,0.567213,0.384273,,0.190303,0.315460,0.454237,0.483495,0.540436,0.538982,0.527145,0.434152,0.376259,0.336875,0.237364,0.175818,0.122588,0.073176,0.153709,
16300000,12.250000,11.848485,11.118644,9.949367,8.762136,7.376068,6.115894,4.763158,3.684211,2.725352,1.925311,1.330739,0.882456,0.583607,0.369436,,0.160606,0.291936,0.467711,0.474892,0.554427,0.504070,0.541094,0.431579,0.383543,0.320016,0.237829,0.179313,0.119540,0.085668,0.147774,
16400000,12.200000,11.863636,11.008475,9.924051,8.757282,7.410256,6.082781,4.739766,3.715789,2.741784,1.948133,1.319066,0.887719,0.593443,0.379822,,0.134545,0.342065,0.433770,0.466708,0.538810,0.530990,0.537206,0.409591,0.389602,0.317461,0.251627,0.172539,0.117711,0.085448,0.151929,
16500000,12.250000,11.803030,10.923729,9.892405,8.713592,7.376068,6.059603,4.733918,3.723684,2.753521,1.943983,1.350195,0.882456,0.613115,0.388724,,0.178788,0.351721,0.412530,0.471525,0.535010,0.526586,0.530274,0.404094,0.388065,0.323815,0.237516,0.187095,0.107737,0.089756,0.155490,
16600000,12.150000,11.742424,10.898305,9.854430,8.708738,7.350427,6.056291,4.760234,3.705263,2.786385,1.941909,1.334630,0.915789,0.614754,0.369436,,0.163030,0.337648,0.417550,0.458277,0.543324,0.517654,0.518423,0.421988,0.367551,0.337791,0.242911,0.167536,0.120414,0.098127,0.147774,
16700000,12.150000,11.651515,10.881356,9.854430,8.684466,7.346154,6.033113,4.783626,3.697368,2.781690,1.935685,1.357977,0.912281,0.600000,0.394659,,0.199394,0.308064,0.410770,0.467986,0.535325,0.525217,0.499795,0.434503,0.366271,0.338402,0.231083,0.178278,0.124912,0.082136,0.157864,
16800000,12.200000,11.606061,10.771186,9.867089,8.626214,7.350427,6.026490,4.763158,3.694737,2.802817,1.950207,1.356031,0.908772,0.639344,0.384273,,0.237576,0.333950,0.361639,0.496350,0.510314,0.529575,0.505333,0.427368,0.356768,0.341044,0.237671,0.178904,0.107771,0.102029,0.153709,
16900000,12.050000,11.484848,10.745763,9.803797,8.640777,7.311966,6.003311,4.801170,3.655263,2.791080,1.970954,1.363813,0.903509,0.655738,0.385757,,0.226061,0.295634,0.376786,0.465208,0.531524,0.523462,0.480857,0.458363,0.345673,0.328050,0.242856,0.184122,0.099108,0.107992,0.154303,
17000000,11.900000,11.454545,10.745763,9.791139,8.558252,7.320513,5.980132,4.792398,3.660526,2.788732,1.975104,1.365759,0.900000,0.654098,0.416914,,0.178182,0.283513,0.381849,0.493155,0.495096,0.536152,0.475094,0.452749,0.348718,0.325451,0.243738,0.186304,0.098361,0.094874,0.166766,
17100000,11.900000,11.409091,10.661017,9.765823,8.524272,7.299145,6.000000,4.736842,3.700000,2.791080,1.977178,1.375486,0.917544,0.650820,0.413947,,0.196364,0.299230,0.358078,0.496620,0.490051,0.519658,0.505263,0.414737,0.363568,0.325561,0.240677,0.183177,0.106690,0.094749,0.165579,
17200000,11.750000,11.409091,10.686441,9.727848,8.470874,7.307692,5.960265,4.771930,3.692105,2.781690,2.006224,1.373541,0.908772,0.659016,0.419881,,0.136364,0.289060,0.383437,0.502790,0.465273,0.538971,0.475334,0.431930,0.364166,0.310186,0.253073,0.185908,0.099902,0.095654,0.167953,
17300000,11.900000,11.318182,10.584746,9.753165,8.456311,7.260684,5.966887,4.754386,3.723684,2.772300,2.008299,1.375486,0.929825,0.659016,0.421365,,0.232727,0.293374,0.332632,0.518742,0.478251,0.517519,0.485001,0.412281,0.380553,0.305601,0.253125,0.178265,0.108323,0.095061,0.168546,
17400000,11.700000,11.303030,10.516949,9.715190,8.466019,7.188034,6.016556,4.745614,3.715789,2.786385,2.020747,1.394942,0.915789,0.668852,0.427300,,0.158788,0.314432,0.320704,0.499668,0.511194,0.468591,0.508377,0.411930,0.371762,0.306255,0.250322,0.191661,0.098775,0.096621,0.170920,
17500000,11.650000,11.272727,10.491525,9.670886,8.412621,7.192308,5.986755,4.728070,3.742105,2.788732,2.016598,1.426070,0.929825,0.670492,0.427300,,0.150909,0.312481,0.328256,0.503306,0.488125,0.482221,0.503474,0.394386,0.381349,0.308854,0.236211,0.198498,0.103733,0.097277,0.170920,
17600000,11.600000,11.196970,10.500000,9.607595,8.417476,7.153846,6.003311,4.713450,3.744737,2.793427,2.026971,1.429961,0.950877,0.678689,0.419881,,0.161212,0.278788,0.356962,0.476048,0.505452,0.460214,0.515944,0.387485,0.380524,0.306583,0.238804,0.191634,0.108875,0.103523,0.167953,
17700000,11.600000,11.166667,10.483051,9.537975,8.407767,7.132479,6.003311,4.725146,3.723684,2.760563,2.060166,1.445525,0.949123,0.678689,0.431751,,0.173333,0.273446,0.378030,0.452083,0.510115,0.451667,0.511266,0.400585,0.385248,0.280159,0.245856,0.198561,0.108174,0.098775,0.172700,
17800000,11.400000,11.075758,10.466102,9.506329,8.393204,7.119658,6.006623,4.777778,3.668421,2.786385,2.080913,1.431907,0.947368,0.701639,0.437685,,0.129697,0.243862,0.383909,0.445250,0.509418,0.445214,0.491538,0.443743,0.352814,0.282189,0.259602,0.193815,0.098292,0.105582,0.175074,
17900000,11.400000,11.000000,10.432203,9.436709,8.373786,7.136752,5.970199,4.786550,3.676316,2.791080,2.062241,1.449416,0.947368,0.701639,0.445104,,0.160000,0.227119,0.398198,0.425169,0.494814,0.466621,0.473460,0.444094,0.354094,0.291536,0.245130,0.200819,0.098292,0.102614,0.178042,
18000000,11.250000,11.045455,10.381356,9.424051,8.325243,7.119658,5.910596,4.786550,3.697368,2.802817,2.062241,1.476654,0.968421,0.688525,0.439169,,0.081818,0.265639,0.382922,0.439523,0.482234,0.483625,0.449619,0.435673,0.357821,0.296230,0.234235,0.203293,0.111959,0.099742,0.175668,
18100000,11.300000,10.984848,10.330508,9.398734,8.281553,7.136752,5.923841,4.766082,3.692105,2.793427,2.114108,1.480545,0.985965,0.677049,0.454006,,0.126061,0.261736,0.372710,0.446872,0.457921,0.485164,0.463104,0.429591,0.359471,0.271728,0.253425,0.197832,0.123566,0.089217,0.181602,
18200000,11.200000,10.969697,10.322034,9.335443,8.305825,7.102564,5.913907,4.716374,3.739474,2.793427,2.120332,1.472763,0.994737,0.678689,0.461424,,0.092121,0.259065,0.394636,0.411847,0.481304,0.475463,0.479013,0.390760,0.378419,0.269238,0.259028,0.191210,0.126419,0.086906,0.184570,
18300000,11.150000,10.909091,10.305085,9.322785,8.233010,7.064103,5.917219,4.722222,3.710526,2.807512,2.114108,1.488327,1.012281,0.685246,0.474777,,0.096364,0.241602,0.392920,0.435910,0.467563,0.458754,0.477999,0.404678,0.361206,0.277362,0.250312,0.190418,0.130814,0.084187,0.189911,
18400000,11.100000,10.878788,10.237288,9.297468,8.237864,7.055556,5.890728,4.728070,3.736842,2.802817,2.112033,1.498054,1.024561,0.706557,0.462908,,0.088485,0.256600,0.375928,0.423842,0.472923,0.465931,0.465063,0.396491,0.373610,0.276313,0.245591,0.189397,0.127202,0.097460,0.185163,
18500000,11.100000,10.772727,10.211864,9.297468,8.169903,7.017094,5.880795,4.745614,3.736842,2.823944,2.103734,1.505837,0.996491,0.718033,0.483680,,0.130909,0.224345,0.365758,0.451026,0.461124,0.454520,0.454072,0.403509,0.365159,0.288084,0.239159,0.203738,0.111383,0.093741,0.193472,
18600000,11.000000,10.772727,10.169492,9.240506,8.189320,7.000000,5.887417,4.722222,3.734211,2.821596,2.103734,1.509728,1.029825,0.685246,0.495549,,0.090909,0.241294,0.371594,0.420474,0.475728,0.445033,0.466078,0.395205,0.365046,0.287145,0.237603,0.191961,0.137831,0.075879,0.198220,
18700000,10.950000,10.727273,10.161017,9.202532,8.145631,7.004274,5.887417,4.725146,3.736842,2.863850,2.097510,1.521401,1.010526,0.693443,0.498516,,0.089091,0.226502,0.383394,0.422760,0.456543,0.446743,0.464908,0.395322,0.349197,0.306536,0.230444,0.204350,0.126833,0.077971,0.199407,
18800000,10.900000,10.696970,10.076271,9.139241,8.135922,7.008547,5.864238,4.745614,3.692105,2.877934,2.114108,1.507782,1.019298,0.721311,0.492582,,0.081212,0.248279,0.374812,0.401327,0.450950,0.457723,0.447450,0.421404,0.325668,0.305531,0.242530,0.195394,0.119195,0.091492,0.197033,
18900000,10.850000,10.681818,10.025424,9.170886,8.097087,7.000000,5.831126,4.754386,3.697368,2.873239,2.132780,1.496109,1.042105,0.701639,0.517804,,0.067273,0.262558,0.341815,0.429519,0.438835,0.467550,0.430696,0.422807,0.329652,0.296184,0.254668,0.181601,0.136186,0.073534,0.207122,
19000000,10.900000,10.606061,9.991525,9.126582,8.072816,6.970085,5.807947,4.739766,3.692105,2.882629,2.105809,1.527237,1.052632,0.703279,0.513353,,0.117576,0.245814,0.345977,0.421507,0.441092,0.464855,0.427272,0.419064,0.323790,0.310728,0.231429,0.189842,0.139741,0.075970,0.205341,
19100000,10.800000,10.590909,9.983051,9.063291,8.067961,6.910256,5.837748,4.719298,3.728947,2.868545,2.114108,1.540856,1.054386,0.713115,0.516320,,0.083636,0.243143,0.367904,0.398132,0.463082,0.429003,0.447380,0.396140,0.344161,0.301775,0.229301,0.194588,0.136508,0.078718,0.206528,
19200000,10.850000,10.545455,9.991525,9.012658,8.014563,6.923077,5.804636,4.757310,3.710526,2.861502,2.132780,1.589494,1.040351,0.709836,0.520772,,0.121818,0.221572,0.391547,0.399238,0.436594,0.447376,0.418930,0.418713,0.339610,0.291489,0.217314,0.219657,0.132206,0.075626,0.208309,
19300000,10.900000,10.500000,9.932203,8.968354,8.004854,6.935897,5.831126,4.701754,3.723684,2.861502,2.176349,1.554475,1.052632,0.714754,0.508902,,0.160000,0.227119,0.385540,0.385400,0.427583,0.441909,0.451749,0.391228,0.344873,0.274062,0.248750,0.200737,0.135151,0.082341,0.203561,
19400000,10.700000,10.515152,9.855932,8.968354,8.009709,6.893162,5.781457,4.722222,3.728947,2.854460,2.157676,1.581712,1.049123,0.726230,0.510386,,0.073939,0.263688,0.355031,0.383458,0.446619,0.444682,0.423694,0.397310,0.349795,0.278713,0.230386,0.213036,0.129157,0.086338,0.204154,
19500000,10.800000,10.409091,9.796610,8.917722,8.024272,6.876068,5.758278,4.713450,3.702632,2.861502,2.172199,1.575875,1.059649,0.736066,0.531157,,0.156364,0.244992,0.351555,0.357380,0.459281,0.447116,0.417931,0.404327,0.336452,0.275721,0.238529,0.206491,0.129433,0.081963,0.212463,
19600000,10.850000,10.348485,9.762712,8.930380,7.932039,6.888889,5.798013,4.675439,3.718421,2.873239,2.147303,1.570039,1.064912,0.745902,0.519288,,0.200606,0.234309,0.332933,0.399336,0.417260,0.436350,0.449030,0.382807,0.338073,0.290375,0.230906,0.202051,0.127604,0.090646,0.207715,
19700000,10.700000,10.348485,9.762712,8.860759,7.907767,6.901709,5.801325,4.646199,3.739474,2.854460,2.172199,1.593385,1.071930,0.739344,0.541543,,0.140606,0.234309,0.360781,0.381197,0.402423,0.440154,0.462050,0.362690,0.354005,0.272904,0.231526,0.208582,0.133034,0.079120,0.216617,
19800000,10.650000,10.272727,9.677966,8.860759,7.893204,6.854701,5.817881,4.631579,3.776316,2.859155,2.165975,1.577821,1.098246,0.722951,0.543027,,0.150909,0.237904,0.326883,0.387022,0.415401,0.414728,0.474521,0.342105,0.366864,0.277272,0.235262,0.191830,0.150118,0.071970,0.217211,
19900000,10.500000,10.287879,9.652542,8.879747,7.849515,6.901709,5.798013,4.625731,3.763158,2.875587,2.174274,1.589494,1.089474,0.722951,0.550445,,0.084848,0.254135,0.309118,0.412093,0.379122,0.441478,0.468913,0.345029,0.355028,0.280525,0.233912,0.200008,0.146609,0.069002,0.220178,
20000000,10.500000,10.212121,9.635593,8.816456,7.820388,6.876068,5.798013,4.628655,3.752632,2.856808,2.178423,1.597276,1.091228,0.759016,0.538576,,0.115152,0.230611,0.327655,0.398427,0.377728,0.431222,0.467743,0.350409,0.358330,0.271354,0.232459,0.202419,0.132885,0.088176,0.215430,
20100000,10.600000,10.166667,9.618644,8.784810,7.805825,6.846154,5.778146,4.646199,3.739474,2.894366,2.159751,1.601167,1.091228,0.778689,0.543027,,0.173333,0.219209,0.333534,0.391594,0.383869,0.427203,0.452779,0.362690,0.338043,0.293846,0.223433,0.203976,0.125016,0.094265,0.217211,
20200000,10.700000,10.075758,9.584746,8.765823,7.791262,6.811966,5.781457,4.634503,3.731579,2.903756,2.163900,1.612840,1.092982,0.763934,0.532641,,0.249697,0.196405,0.327569,0.389824,0.391719,0.412204,0.458782,0.361170,0.331129,0.295942,0.220424,0.207943,0.131619,0.092517,0.213056,
20300000,10.550000,10.075758,9.542373,8.721519,7.757282,6.777778,5.754967,4.646199,3.750000,2.908451,2.155602,1.628405,1.094737,0.793443,0.531157,,0.189697,0.213354,0.328342,0.385695,0.391802,0.409124,0.443507,0.358480,0.336620,0.301140,0.210879,0.213467,0.120518,0.104914,0.212463,
20400000,10.600000,9.984848,9.516949,8.721519,7.762136,6.722222,5.728477,4.657895,3.752632,2.889671,2.188797,1.620623,1.108772,0.773770,0.531157,,0.246061,0.187160,0.318172,0.383753,0.415965,0.397498,0.428233,0.362105,0.345184,0.280350,0.227270,0.204740,0.134001,0.097045,0.212463,
20500000,10.400000,10.045455,9.483051,8.670886,7.737864,6.705128,5.741722,4.628655,3.742105,2.906103,2.186722,1.616732,1.129825,0.767213,0.532641,,0.141818,0.224961,0.324866,0.373209,0.413094,0.385363,0.445227,0.354620,0.334401,0.287753,0.227996,0.194763,0.145045,0.093829,0.213056,
20600000,10.350000,9.984848,9.457627,8.664557,7.718447,6.696581,5.721854,4.663743,3.728947,2.920188,2.178423,1.628405,1.138596,0.775410,0.543027,,0.146061,0.210889,0.317228,0.378444,0.408746,0.389891,0.423245,0.373918,0.323504,0.296706,0.220007,0.195923,0.145275,0.092953,0.217211,
20700000,10.350000,9.893939,9.406780,8.639241,7.699029,6.705128,5.721854,4.669591,3.723684,2.927230,2.203320,1.599222,1.152632,0.786885,0.557864,,0.182424,0.194864,0.307016,0.376085,0.397560,0.393310,0.420905,0.378363,0.318582,0.289564,0.241639,0.178636,0.146299,0.091609,0.223145,
20800000,10.300000,9.863636,9.381356,8.632911,7.660194,6.722222,5.711921,4.605263,3.750000,2.913146,2.215768,1.605058,1.154386,0.803279,0.554896,,0.174545,0.192912,0.299378,0.389087,0.375189,0.404121,0.442663,0.342105,0.334742,0.278951,0.244284,0.180269,0.140443,0.099353,0.221958,
20900000,10.200000,9.863636,9.330508,8.683544,7.582524,6.705128,5.688742,4.637427,3.721053,2.929577,2.221992,1.616732,1.163158,0.793443,0.554896,,0.134545,0.213251,0.258786,0.440408,0.350958,0.406555,0.420526,0.366550,0.316590,0.283034,0.242104,0.181429,0.147886,0.095419,0.221958,
21000000,10.200000,9.848485,9.296610,8.620253,7.606796,6.688034,5.682119,4.634503,3.721053,2.920188,2.217842,1.636187,1.177193,0.808197,0.554896,,0.140606,0.220750,0.270543,0.405383,0.367505,0.402366,0.419047,0.365380,0.320346,0.280938,0.232662,0.183598,0.147599,0.101320,0.221958,
21100000,10.200000,9.787879,9.338983,8.575949,7.567961,6.649573,5.662252,4.654971,3.710526,2.915493,2.226141,1.636187,1.192982,0.811475,0.571217,,0.164848,0.179558,0.305213,0.403195,0.367355,0.394928,0.402912,0.377778,0.318013,0.275741,0.235982,0.177282,0.152603,0.096104,0.228487,
21200000,10.100000,9.681818,9.313559,8.550633,7.543689,6.666667,5.652318,4.608187,3.710526,2.917840,2.244813,1.655642,1.191228,0.816393,0.548961,,0.167273,0.147304,0.305171,0.402777,0.350809,0.405740,0.417652,0.359064,0.317074,0.269211,0.235669,0.185766,0.149934,0.106973,0.219585,
21300000,10.150000,9.681818,9.296610,8.481013,7.587379,6.636752,5.658940,4.631579,3.710526,2.915493,2.251037,1.657588,1.189474,0.811475,0.557864,,0.187273,0.154083,0.326239,0.357454,0.380251,0.391125,0.410945,0.368421,0.318013,0.265782,0.237380,0.187246,0.151199,0.101445,0.223145,
21400000,10.000000,9.651515,9.228814,8.518987,7.543689,6.598291,5.655629,4.631579,3.728947,2.894366,2.265560,1.675097,1.180702,0.814754,0.571217,,0.139394,0.169081,0.283930,0.390119,0.378159,0.377065,0.409620,0.361053,0.333832,0.251522,0.236185,0.197758,0.146379,0.097415,0.228487,
21500000,10.000000,9.651515,9.169492,8.474684,7.509709,6.572650,5.695364,4.669591,3.689474,2.913146,2.253112,1.686770,1.192982,0.791803,0.584570,,0.139394,0.192809,0.277923,0.385990,0.374824,0.350914,0.410309,0.392047,0.310531,0.264013,0.226537,0.197515,0.160472,0.082893,0.233828,
21600000,10.000000,9.636364,9.144068,8.468354,7.461165,6.568376,5.652318,4.637427,3.707895,2.943662,2.238589,1.686770,1.175439,0.811475,0.574184,,0.145455,0.196918,0.270285,0.402876,0.357116,0.366423,0.405956,0.371813,0.305693,0.282029,0.220728,0.204533,0.145585,0.094917,0.229674,
21700000,10.000000,9.606061,9.110169,8.411392,7.466019,6.542735,5.619205,4.646199,3.718421,2.946009,2.255187,1.708171,1.192982,0.791803,0.605341,,0.157576,0.198356,0.279511,0.378149,0.369314,0.369412,0.389203,0.371111,0.308965,0.276329,0.218806,0.206076,0.160472,0.074585,0.242136,
21800000,9.900000,9.590909,9.050847,8.392405,7.446602,6.538462,5.619205,4.646199,3.694737,2.957746,2.259336,1.694553,1.208772,0.804918,0.586053,,0.123636,0.216025,0.263377,0.378321,0.363256,0.367702,0.389203,0.380585,0.294796,0.279364,0.225913,0.194312,0.161542,0.087546,0.234421,
21900000,9.800000,9.590909,9.033898,8.379747,7.388350,6.517094,5.589404,4.652047,3.728947,2.938967,2.265560,1.694553,1.210526,0.822951,0.596439,,0.083636,0.222804,0.261661,0.396559,0.348502,0.371076,0.374943,0.369240,0.315992,0.269363,0.228403,0.193610,0.155030,0.090605,0.238576,
22000000,9.750000,9.575758,9.025424,8.291139,7.402913,6.457265,5.619205,4.649123,3.707895,2.941315,2.275934,1.684825,1.222807,0.821311,0.614243,,0.069697,0.220134,0.293714,0.355291,0.378259,0.335224,0.388033,0.376491,0.306632,0.266152,0.236443,0.184807,0.160598,0.082827,0.245697,
22100000,9.550000,9.560606,9.016949,8.303797,7.388350,6.457265,5.609272,4.634503,3.684211,2.967136,2.275934,1.698444,1.224561,0.839344,0.615727,,-0.004242,0.217463,0.285261,0.366179,0.372434,0.339197,0.389907,0.380117,0.286830,0.276481,0.230996,0.189553,0.154087,0.089447,0.246291,
22200000,9.700000,9.500000,9.042373,8.246835,7.383495,6.427350,5.589404,4.649123,3.715789,2.922535,2.290456,1.731518,1.212281,0.826230,0.603858,,0.080000,0.183051,0.318215,0.345336,0.382458,0.335179,0.376112,0.373333,0.317302,0.252832,0.223576,0.207695,0.154420,0.088949,0.241543,
22300000,9.550000,9.500000,8.974576,8.234177,7.339806,6.401709,5.582781,4.649123,3.700000,2.943662,2.302905,1.714008,1.229825,0.829508,0.621662,,0.020000,0.210169,0.296160,0.357749,0.375239,0.327571,0.373463,0.379649,0.302535,0.256303,0.235559,0.193673,0.160127,0.083139,0.248665,
22400000,9.600000,9.469697,8.949153,8.215190,7.334951,6.423077,5.549669,4.619883,3.744737,2.934272,2.288382,1.719844,1.240351,0.847541,0.620178,,0.052121,0.208218,0.293585,0.352095,0.364750,0.349363,0.371914,0.350058,0.324186,0.258356,0.227415,0.191797,0.157124,0.090945,0.248071,
22500000,9.500000,9.484848,8.898305,8.202532,7.310680,6.405983,5.526490,4.593567,3.742105,2.967136,2.275934,1.698444,1.249123,0.859016,0.611276,,0.006061,0.234617,0.278309,0.356741,0.361879,0.351797,0.373169,0.340585,0.309988,0.276481,0.230996,0.179728,0.156043,0.099096,0.244510,
22600000,9.400000,9.515152,8.822034,8.189873,7.252427,6.440171,5.496689,4.614035,3.739474,2.950704,2.309129,1.704280,1.233333,0.857377,0.630564,,-0.046061,0.277247,0.252864,0.374978,0.324902,0.377393,0.353061,0.349825,0.315508,0.256630,0.241939,0.188379,0.150383,0.090725,0.252226,
22700000,9.550000,9.393939,8.906780,8.107595,7.266990,6.393162,5.506623,4.634503,3.715789,2.948357,2.302905,1.702335,1.264912,0.862295,0.621662,,0.062424,0.194864,0.319674,0.336242,0.349531,0.354616,0.348848,0.367485,0.306973,0.258181,0.240228,0.174969,0.161047,0.096253,0.248665,
22800000,9.500000,9.409091,8.847458,8.132911,7.266990,6.388889,5.463576,4.619883,3.723684,2.988263,2.313278,1.688716,1.249123,0.867213,0.633531,,0.036364,0.224653,0.285818,0.346368,0.351241,0.370125,0.337477,0.358480,0.294169,0.269994,0.249825,0.175837,0.152764,0.093473,0.253412,
22900000,9.450000,9.409091,8.796610,8.094937,7.257282,6.393162,5.466887,4.605263,3.726316,2.997653,2.304979,1.684825,1.270175,0.865574,0.624629,,0.016364,0.244992,0.280669,0.335062,0.345648,0.370510,0.344650,0.351579,0.291465,0.277069,0.248062,0.165860,0.161841,0.096378,0.249852,
23000000,9.400000,9.348485,8.762712,8.069620,7.252427,6.363248,5.447020,4.599415,3.710526,3.002347,2.302905,1.696498,1.268421,0.868852,0.600890,,0.020606,0.234309,0.277237,0.326877,0.355672,0.366491,0.339042,0.355556,0.283272,0.279777,0.242563,0.171231,0.159827,0.107185,0.240356,
23100000,9.350000,9.318182,8.745763,8.037975,7.194175,6.380342,5.420530,4.590643,3.731579,2.978873,2.325726,1.700389,1.249123,0.873770,0.624629,,0.012727,0.228968,0.283115,0.337520,0.325533,0.383925,0.331955,0.343626,0.301082,0.261259,0.250135,0.180507,0.150141,0.099657,0.249852,
23200000,9.450000,9.227273,8.703390,8.050633,7.165049,6.354701,5.447020,4.578947,3.752632,2.953052,2.329876,1.725681,1.245614,0.878689,0.627596,,0.089091,0.209553,0.261103,0.354234,0.324139,0.363072,0.347229,0.330526,0.319832,0.249270,0.241678,0.192027,0.146770,0.100437,0.251039,
23300000,9.350000,9.151515,8.728814,7.987342,7.169903,6.337607,5.443709,4.564327,3.731579,2.978873,2.331950,1.725681,1.256140,0.880328,0.630564,,0.079394,0.169081,0.296589,0.326976,0.332918,0.357559,0.351752,0.333099,0.301082,0.258769,0.242508,0.187816,0.150325,0.099906,0.252226,
23400000,9.350000,9.151515,8.703390,7.993671,7.121359,6.337607,5.430464,4.576023,3.710526,2.988263,2.321577,1.741245,1.261404,0.896721,0.639466,,0.079394,0.179250,0.283888,0.348925,0.313501,0.362857,0.341776,0.346199,0.288905,0.266674,0.232133,0.191937,0.145873,0.102902,0.255786,
23500000,9.350000,9.136364,8.669492,7.974684,7.111650,6.311966,5.447020,4.555556,3.705263,3.009390,2.327801,1.725681,1.257895,0.888525,0.636499,,0.085455,0.186749,0.277923,0.345213,0.319874,0.345978,0.356586,0.340117,0.278349,0.272636,0.240848,0.187114,0.147748,0.100810,0.254599,
23600000,9.350000,9.121212,8.618644,7.930380,7.101942,6.299145,5.456954,4.540936,3.721053,2.981221,2.325726,1.731518,1.252632,0.911475,0.645401,,0.091515,0.201027,0.275306,0.331375,0.321119,0.336877,0.366407,0.327953,0.295933,0.262198,0.237683,0.191554,0.136462,0.106430,0.258160,
23700000,9.350000,9.090909,8.584746,7.886076,7.111650,6.294872,5.417219,4.532164,3.710526,3.021127,2.327801,1.727626,1.275439,0.901639,0.652819,,0.103636,0.202465,0.279468,0.309770,0.326711,0.351061,0.354022,0.328655,0.275760,0.277330,0.240070,0.180875,0.149520,0.099528,0.261128,
23800000,9.250000,9.075758,8.550847,7.854430,7.101942,6.316239,5.400662,4.514620,3.731579,3.000000,2.329876,1.729572,1.271930,0.913115,0.654303,,0.069697,0.209964,0.278567,0.300995,0.314281,0.366231,0.354417,0.313216,0.292632,0.268050,0.240121,0.183057,0.143526,0.103525,0.261721,
23900000,9.300000,8.984848,8.593220,7.886076,7.048544,6.290598,5.410596,4.502924,3.726316,3.009390,2.323651,1.749027,1.287719,0.911475,0.657270,,0.126061,0.156651,0.282858,0.335013,0.303178,0.352001,0.363069,0.310643,0.286770,0.274295,0.229850,0.184523,0.150498,0.101682,0.262908,
24000000,9.150000,8.969697,8.525424,7.848101,7.019417,6.286325,5.380795,4.505848,3.734211,3.016432,2.313278,1.754864,1.289474,0.906557,0.666172,,0.072121,0.177709,0.270929,0.331474,0.293237,0.362212,0.349979,0.308655,0.287111,0.281262,0.223366,0.186156,0.153167,0.096154,0.266469,
24100000,9.200000,8.909091,8.483051,7.860759,6.980583,6.260684,5.407285,4.508772,3.736842,3.014085,2.329876,1.743191,1.291228,0.929508,0.655786,,0.116364,0.170416,0.248917,0.352071,0.287960,0.341360,0.359405,0.308772,0.289103,0.273684,0.234674,0.180785,0.144688,0.109489,0.262315,
24200000,9.150000,8.909091,8.474576,7.848101,6.941748,6.260684,5.387417,4.535088,3.705263,2.997653,2.331950,1.750973,1.307018,0.924590,0.648368,,0.096364,0.173806,0.250590,0.362541,0.272426,0.349307,0.340932,0.331930,0.283044,0.266281,0.232391,0.177582,0.152971,0.110489,0.259347,
24300000,9.050000,8.924242,8.415254,7.816456,6.941748,6.226496,5.413907,4.546784,3.702632,3.009390,2.338174,1.772374,1.292982,0.936066,0.654303,,0.050303,0.203595,0.239519,0.349883,0.286101,0.325035,0.346849,0.337661,0.277297,0.268486,0.226320,0.191756,0.142767,0.112705,0.261721,
24400000,9.000000,8.878788,8.466102,7.746835,6.941748,6.188034,5.380795,4.529240,3.757895,2.969484,2.356846,1.760700,1.319298,0.922951,0.686944,,0.048485,0.165074,0.287707,0.322035,0.301485,0.322896,0.340622,0.308538,0.315364,0.245055,0.238458,0.176561,0.158539,0.094403,0.274777,
24500000,9.000000,8.818182,8.440678,7.746835,6.951456,6.179487,5.321192,4.555556,3.721053,2.981221,2.352697,1.758755,1.331579,0.914754,0.685460,,0.072727,0.151002,0.277537,0.318152,0.308788,0.343318,0.306255,0.333801,0.295933,0.251409,0.237577,0.170870,0.166730,0.091718,0.274184,
24600000,9.000000,8.787879,8.364407,7.734177,6.966019,6.145299,5.327815,4.552632,3.710526,3.016432,2.344398,1.764591,1.338596,0.932787,0.682493,,0.084848,0.169389,0.252092,0.307263,0.328288,0.326994,0.310073,0.336842,0.277638,0.268813,0.231923,0.170398,0.162324,0.100118,0.272997,
24700000,9.000000,8.787879,8.322034,7.677215,6.951456,6.166667,5.291391,4.555556,3.726316,3.004695,2.329876,1.799611,1.336842,0.934426,0.661721,,0.084848,0.186338,0.257927,0.290304,0.313916,0.350110,0.294334,0.331696,0.288648,0.269928,0.212106,0.185108,0.160966,0.109082,0.264688,
24800000,8.900000,8.757576,8.330508,7.696203,6.912621,6.141026,5.317881,4.511696,3.755263,2.983568,2.352697,1.782101,1.350877,0.924590,0.673591,,0.056970,0.170827,0.253722,0.313432,0.308638,0.329258,0.322474,0.302573,0.308678,0.252348,0.228238,0.172490,0.170515,0.100400,0.269436,
24900000,8.850000,8.712121,8.271186,7.727848,6.917476,6.183761,5.268212,4.505848,3.713158,2.992958,2.379668,1.772374,1.354386,0.949180,0.676558,,0.055152,0.176374,0.217335,0.324149,0.293486,0.366220,0.304946,0.317076,0.288080,0.245316,0.242918,0.167195,0.162082,0.109049,0.270623,
25000000,8.800000,8.696970,8.305085,7.651899,6.878641,6.145299,5.294702,4.467836,3.739474,2.990610,2.350622,1.807393,1.350877,0.934426,0.689911,,0.041212,0.156754,0.261274,0.309303,0.293337,0.340239,0.330746,0.291345,0.299545,0.255995,0.217292,0.182606,0.166580,0.097806,0.275964,
25100000,8.900000,8.681818,8.254237,7.639241,6.893204,6.119658,5.271523,4.502924,3.718421,2.992958,2.354772,1.815175,1.357895,0.926230,0.676558,,0.087273,0.171032,0.245999,0.298415,0.309418,0.339254,0.307440,0.313801,0.290185,0.255274,0.215839,0.182912,0.172666,0.099869,0.270623,
25200000,8.850000,8.696970,8.220339,7.594937,6.878641,6.098291,5.264901,4.494152,3.710526,2.995305,2.371369,1.799611,1.366667,0.926230,0.694362,,0.061212,0.190652,0.250161,0.286518,0.312140,0.333356,0.308299,0.313450,0.286088,0.249574,0.228703,0.173178,0.176175,0.092747,0.277745,
25300000,8.900000,8.621212,8.211864,7.601266,6.859223,6.098291,5.254967,4.500000,3.710526,3.002347,2.373444,1.807393,1.366667,0.939344,0.691395,,0.111515,0.163739,0.244239,0.296817,0.304373,0.337329,0.301987,0.315789,0.283272,0.251561,0.226420,0.176291,0.170929,0.099180,0.276558,
25400000,8.900000,8.590909,8.169492,7.620253,6.815534,6.102564,5.254967,4.476608,3.697368,3.018779,2.356846,1.826848,1.364912,0.955738,0.703264,,0.123636,0.168567,0.219695,0.321888,0.285188,0.339039,0.311343,0.311696,0.271436,0.264773,0.211999,0.184774,0.163670,0.100989,0.281306,
25500000,8.950000,8.530303,8.177966,7.582278,6.786408,6.051282,5.271523,4.456140,3.707895,3.002347,2.377593,1.805447,1.363158,0.960656,0.701780,,0.167879,0.140935,0.238275,0.318348,0.294050,0.311904,0.326153,0.299298,0.282219,0.249902,0.228858,0.176916,0.161001,0.103550,0.280712,
25600000,8.850000,8.515152,8.169492,7.531646,6.815534,6.038462,5.254967,4.470760,3.705263,3.002347,2.383817,1.811284,1.392982,0.937705,0.709199,,0.133939,0.138264,0.255138,0.286445,0.310829,0.313398,0.313683,0.306199,0.281166,0.247412,0.229013,0.167321,0.182111,0.091402,0.283680,
25700000,8.800000,8.484848,8.135593,7.512658,6.791262,6.012821,5.258278,4.464912,3.673684,3.014085,2.404564,1.817121,1.377193,0.962295,0.695846,,0.126061,0.139702,0.249174,0.288558,0.311377,0.301817,0.317346,0.316491,0.263840,0.243808,0.234977,0.175971,0.165959,0.106580,0.278338,
25800000,8.750000,8.560606,8.067797,7.506329,6.766990,6.038462,5.241722,4.435673,3.676316,3.032864,2.390041,1.813230,1.396491,0.962295,0.704748,,0.075758,0.197124,0.224587,0.295736,0.291412,0.318696,0.322420,0.303743,0.257381,0.257129,0.230725,0.166695,0.173678,0.103019,0.281899,
25900000,8.800000,8.515152,8.025424,7.506329,6.728155,6.038462,5.195364,4.423977,3.731579,3.025822,2.373444,1.828794,1.382456,0.963934,0.718101,,0.113939,0.195891,0.207638,0.311270,0.275878,0.337239,0.308555,0.276959,0.282303,0.260951,0.217860,0.178535,0.167409,0.098333,0.287240,
26000000,8.700000,8.500000,8.008475,7.487342,6.733010,6.000000,5.205298,4.409357,3.721053,3.018779,2.375519,1.842412,1.380702,0.973770,0.722552,,0.080000,0.196610,0.208453,0.301733,0.293204,0.317881,0.318377,0.275322,0.280909,0.257304,0.213242,0.184684,0.162773,0.100487,0.289021,
26100000,8.700000,8.409091,7.966102,7.518987,6.708738,5.991453,5.245033,4.385965,3.721053,3.002347,2.396266,1.854086,1.363158,0.995082,0.724036,,0.116364,0.177196,0.178846,0.324100,0.286914,0.298568,0.343627,0.265965,0.287482,0.242433,0.216872,0.196371,0.147230,0.108419,0.289614,
26200000,8.550000,8.393939,8.025424,7.455696,6.713592,5.965812,5.195364,4.394737,3.721053,3.023474,2.383817,1.854086,1.385965,1.000000,0.718101,,0.062424,0.147406,0.227891,0.296842,0.299112,0.308179,0.320251,0.269474,0.279031,0.255863,0.211893,0.187248,0.154386,0.112760,0.287240,
26300000,8.600000,8.348485,8.050847,7.417722,6.669903,5.978632,5.162252,4.418129,3.713158,2.995305,2.414938,1.840467,1.396491,0.990164,0.735905,,0.100606,0.119055,0.253250,0.299127,0.276508,0.326552,0.297649,0.281988,0.287141,0.232147,0.229788,0.177590,0.162531,0.101704,0.294362,
26400000,8.550000,8.409091,7.974576,7.379747,6.689320,5.927350,5.168874,4.435673,3.681579,3.002347,2.406639,1.838521,1.391228,1.000000,0.716617,,0.056364,0.173806,0.237932,0.276171,0.304788,0.303391,0.293281,0.301637,0.271693,0.238283,0.227247,0.178917,0.156491,0.113353,0.286647,
26500000,8.550000,8.409091,7.915254,7.373418,6.679612,5.927350,5.165563,4.406433,3.676316,3.016432,2.404564,1.840467,1.396491,1.001639,0.735905,,0.056364,0.197535,0.216735,0.277522,0.300904,0.304715,0.303652,0.292047,0.263954,0.244747,0.225639,0.177590,0.157941,0.106294,0.294362,
26600000,8.650000,8.303030,7.898305,7.373418,6.640777,5.935897,5.178808,4.409357,3.671053,3.009390,2.423237,1.826848,1.410526,1.013115,0.735905,,0.138788,0.161890,0.209955,0.293056,0.281952,0.302836,0.307780,0.295322,0.264665,0.234461,0.238555,0.166529,0.158965,0.110884,0.294362,
26700000,8.450000,8.333333,7.872881,7.354430,6.611650,5.897436,5.145695,4.403509,3.697368,3.025822,2.412863,1.832685,1.396491,1.016393,0.737389,,0.046667,0.184181,0.207380,0.297112,0.285686,0.300696,0.296875,0.282456,0.268619,0.245183,0.232071,0.174477,0.152039,0.111602,0.294955,
26800000,8.450000,8.272727,7.847458,7.348101,6.601942,5.854701,5.162252,4.385965,3.686842,3.025822,2.412863,1.840467,1.391228,1.014754,0.746291,,0.070909,0.170108,0.199743,0.298464,0.298896,0.276980,0.310515,0.279649,0.264408,0.245183,0.228958,0.179696,0.150590,0.107385,0.298516,
26900000,8.550000,8.181818,7.864407,7.322785,6.597087,5.858974,5.155629,4.353801,3.715789,3.037559,2.417012,1.838521,1.394737,1.006557,0.765579,,0.147273,0.126965,0.216649,0.290279,0.295245,0.281338,0.320731,0.255205,0.271292,0.248218,0.231396,0.177514,0.155272,0.096391,0.306231,
27000000,8.500000,8.166667,7.855932,7.272152,6.587379,5.863248,5.122517,4.383041,3.692105,3.007042,2.452282,1.828794,1.385965,1.008197,0.752226,,0.133333,0.124294,0.233512,0.273909,0.289652,0.296293,0.295790,0.276374,0.274025,0.221904,0.249395,0.177132,0.151107,0.102388,0.300890,
27100000,8.450000,8.106061,7.830508,7.297468,6.582524,5.867521,5.129139,4.350877,3.705263,3.023474,2.406639,1.867704,1.389474,1.024590,0.774481,,0.137576,0.110221,0.213216,0.285978,0.286001,0.295353,0.311305,0.258246,0.272716,0.246734,0.215574,0.191292,0.145953,0.100044,0.309792,
27200000,8.400000,8.106061,7.788136,7.297468,6.524272,5.850427,5.125828,4.377193,3.655263,3.049296,2.419087,1.840467,1.414035,1.032787,0.750742,,0.117576,0.127170,0.196267,0.309279,0.269538,0.289840,0.299454,0.288772,0.242387,0.252083,0.231448,0.170573,0.152499,0.112818,0.300297,
27300000,8.400000,8.090909,7.771186,7.291139,6.485437,5.850427,5.086093,4.380117,3.678947,3.037559,2.414938,1.846304,1.428070,1.016393,0.777448,,0.123636,0.127889,0.192019,0.322281,0.254004,0.305734,0.282390,0.280468,0.256555,0.249048,0.227454,0.167293,0.164671,0.095578,0.310979,
27400000,8.300000,8.090909,7.754237,7.227848,6.500000,5.841880,5.072848,4.365497,3.689474,3.028169,2.435685,1.859922,1.408772,1.027869,0.787834,,0.083636,0.134669,0.210556,0.291139,0.263248,0.307613,0.282940,0.270409,0.264522,0.236994,0.230305,0.180460,0.152361,0.096014,0.315134,
27500000,8.250000,8.060606,7.771186,7.196203,6.475728,5.837607,5.105960,4.350877,3.673684,3.032864,2.417012,1.852140,1.428070,1.040984,0.777448,,0.075758,0.115768,0.229994,0.288190,0.255249,0.292659,0.302033,0.270877,0.256328,0.246341,0.225949,0.169628,0.154835,0.105414,0.310979,
27600000,8.250000,8.060606,7.720339,7.177215,6.451456,5.811966,5.096026,4.368421,3.665789,3.046948,2.423237,1.838521,1.431579,1.040984,0.783383,,0.075758,0.136107,0.217250,0.290304,0.255796,0.286376,0.291042,0.281053,0.247536,0.249485,0.233886,0.162777,0.156238,0.103040,0.313353,
27700000,8.150000,8.060606,7.686441,7.215190,6.446602,5.811966,5.076159,4.333333,3.694737,3.025822,2.419087,1.857977,1.428070,1.044262,0.786350,,0.035758,0.149666,0.188500,0.307435,0.253854,0.294323,0.297130,0.255439,0.267566,0.242694,0.224444,0.171963,0.153523,0.103165,0.314540,
27800000,8.100000,8.090909,7.703390,7.158228,6.436893,5.803419,5.096026,4.324561,3.663158,3.028169,2.417012,1.873541,1.435088,1.062295,0.772997,,0.003636,0.155008,0.218065,0.288534,0.253390,0.282957,0.308586,0.264561,0.253996,0.244463,0.217389,0.175381,0.149117,0.115719,0.309199,
27900000,8.150000,8.045455,7.694915,7.126582,6.436893,5.807692,5.062914,4.324561,3.660526,3.025822,2.412863,1.885214,1.436842,1.065574,0.786350,,0.041818,0.140216,0.227333,0.275876,0.251680,0.297911,0.295341,0.265614,0.253882,0.245183,0.211060,0.179349,0.148507,0.111689,0.314540,
28000000,8.250000,7.969697,7.694915,7.082278,6.451456,5.773504,5.099338,4.289474,3.665789,3.011737,2.429461,1.869650,1.436842,1.077049,0.784866,,0.112121,0.109913,0.245055,0.252329,0.271181,0.269667,0.323946,0.249474,0.261621,0.232911,0.223924,0.173123,0.143917,0.116873,0.313947,
28100000,8.150000,8.000000,7.635593,7.082278,6.441748,5.769231,5.056291,4.309942,3.665789,3.009390,2.419087,1.877432,1.431579,1.098361,0.781899,,0.060000,0.145763,0.221326,0.256212,0.269007,0.285176,0.298540,0.257661,0.262560,0.236121,0.216662,0.178341,0.133287,0.126585,0.312760,
28200000,8.150000,7.939394,7.627119,7.113924,6.407767,5.769231,5.046358,4.330409,3.642105,3.014085,2.414938,1.873541,1.445614,1.100000,0.784866,,0.084242,0.124910,0.205278,0.282463,0.255414,0.289149,0.286379,0.275322,0.251208,0.239659,0.216559,0.171171,0.138246,0.126053,0.313947,
28300000,8.150000,7.939394,7.567797,7.151899,6.378641,5.735043,5.029801,4.342105,3.618421,3.018779,2.421162,1.892996,1.408772,1.126230,0.787834,,0.084242,0.148639,0.166359,0.309303,0.257439,0.282097,0.275078,0.289474,0.239857,0.239047,0.211266,0.193690,0.113017,0.135358,0.315134,
28400000,8.050000,7.924242,7.576271,7.113924,6.373786,5.726496,5.009934,4.333333,3.642105,3.018779,2.419087,1.892996,1.429825,1.108197,0.784866,,0.050303,0.139188,0.184939,0.296055,0.258916,0.286625,0.270640,0.276491,0.249330,0.239877,0.210436,0.185269,0.128651,0.129332,0.313947,
28500000,8.050000,7.924242,7.533898,7.107595,6.383495,5.696581,5.043046,4.304094,3.634211,3.070423,2.390041,1.891051,1.438596,1.126230,0.778932,,0.050303,0.156138,0.170521,0.289640,0.274766,0.261414,0.295581,0.267953,0.225515,0.272152,0.199596,0.180982,0.124947,0.138919,0.311573,
28600000,8.050000,7.878788,7.525424,7.069620,6.378641,5.683761,5.033113,4.307018,3.615789,3.056338,2.387967,1.898833,1.445614,1.119672,0.789318,,0.068485,0.141346,0.182321,0.276392,0.277952,0.260259,0.290438,0.276491,0.223781,0.267348,0.195654,0.181287,0.130377,0.132142,0.315727,
28700000,8.050000,7.833333,7.525424,7.050633,6.359223,5.675214,5.026490,4.309942,3.613158,3.030516,2.419087,1.891051,1.452632,1.118033,0.795252,,0.086667,0.123164,0.189916,0.276564,0.273604,0.259489,0.286619,0.278713,0.233057,0.244572,0.211215,0.175368,0.133840,0.129112,0.318101,
28800000,8.050000,7.787879,7.542373,7.012658,6.368932,5.636752,5.023179,4.304094,3.594737,3.042254,2.398340,1.892996,1.478947,1.101639,0.804154,,0.104848,0.098202,0.211886,0.257490,0.292872,0.245429,0.287634,0.283743,0.220993,0.257565,0.202138,0.165619,0.150923,0.118994,0.321662,
28900000,8.100000,7.787879,7.474576,7.050633,6.364078,5.632479,4.993377,4.315789,3.628947,3.025822,2.390041,1.892996,1.491228,1.119672,0.798220,,0.124848,0.125321,0.169577,0.274622,0.292640,0.255640,0.271035,0.274737,0.241250,0.254312,0.198818,0.160707,0.148622,0.128581,0.319288,
29000000,8.050000,7.818182,7.449153,6.987342,6.388350,5.615385,4.986755,4.295322,3.584211,3.053991,2.412863,1.881323,1.492982,1.109836,0.818991,,0.092727,0.147612,0.184724,0.239597,0.309186,0.251452,0.276573,0.284444,0.212088,0.256451,0.212616,0.155336,0.153259,0.116338,0.327596,
29100000,8.000000,7.787879,7.457627,6.968354,6.339806,5.636752,4.980132,4.304094,3.589474,3.030516,2.417012,1.859922,1.501754,1.132787,0.821958,,0.084848,0.132101,0.195709,0.251419,0.281221,0.262648,0.270416,0.285848,0.223583,0.245402,0.222836,0.143267,0.147587,0.124331,0.328783,
29200000,7.850000,7.818182,7.440678,6.949367,6.354369,5.636752,4.990066,4.263158,3.605263,3.021127,2.412863,1.894942,1.475439,1.142623,0.821958,,0.012727,0.151002,0.196524,0.237999,0.287047,0.258674,0.290763,0.263158,0.233655,0.243305,0.207169,0.167801,0.133126,0.128266,0.328783,
29300000,7.850000,7.772727,7.415254,6.930380,6.330097,5.683761,4.940397,4.271930,3.600000,3.000000,2.412863,1.898833,1.485965,1.137705,0.821958,,0.030909,0.142989,0.193950,0.240113,0.258535,0.297345,0.267387,0.268772,0.240000,0.234855,0.205612,0.165147,0.139304,0.126299,0.328783,
29400000,7.900000,7.696970,7.423729,6.930380,6.310680,5.636752,4.963576,4.248538,3.613158,2.985915,2.431535,1.891051,1.510526,1.124590,0.836795,,0.081212,0.109296,0.197340,0.247880,0.269571,0.269270,0.286015,0.254152,0.250897,0.221752,0.216194,0.152210,0.154374,0.115118,0.334718,
29500000,7.850000,7.712121,7.415254,6.911392,6.300971,5.636752,4.940397,4.245614,3.607895,2.990610,2.419087,1.916342,1.498246,1.126230,0.847181,,0.055152,0.118747,0.201545,0.244169,0.265687,0.278542,0.277913,0.255088,0.246914,0.228609,0.201098,0.167239,0.148806,0.111619,0.338872,
29600000,7.850000,7.636364,7.440678,6.892405,6.257282,5.645299,4.950331,4.225146,3.600000,2.971831,2.431535,1.933852,1.494737,1.132787,0.850148,,0.085455,0.078274,0.219309,0.254049,0.244793,0.277987,0.290074,0.250058,0.251268,0.216118,0.199073,0.175646,0.144780,0.113055,0.340059,
29700000,7.750000,7.651515,7.398305,6.917722,6.262136,5.636752,4.933775,4.230994,3.592105,2.990610,2.410788,1.916342,1.512281,1.134426,0.848665,,0.039394,0.101284,0.192233,0.262234,0.250154,0.281191,0.281112,0.255556,0.240598,0.231929,0.197778,0.161625,0.151142,0.114305,0.339466,
29800000,7.800000,7.696970,7.389831,6.854430,6.247573,5.615385,4.940397,4.236842,3.592105,2.990610,2.408714,1.931907,1.521053,1.122951,0.860534,,0.041212,0.122856,0.214160,0.242743,0.252875,0.269995,0.281422,0.257895,0.240598,0.232759,0.190723,0.164342,0.159241,0.104967,0.344214,
29900000,7.750000,7.651515,7.389831,6.822785,6.223301,5.589744,4.953642,4.222222,3.594737,2.990610,2.406639,1.918288,1.543860,1.126230,0.859050,,0.039394,0.104674,0.226818,0.239794,0.253423,0.254440,0.292568,0.250994,0.241651,0.233589,0.195340,0.149771,0.167052,0.106872,0.343620,
30000000,7.850000,7.606061,7.347458,6.835443,6.233010,5.581197,4.930464,4.204678,3.605263,2.981221,2.437759,1.918288,1.526316,1.139344,0.860534,,0.097576,0.103441,0.204806,0.240973,0.260725,0.260293,0.290314,0.239766,0.249617,0.217385,0.207789,0.156789,0.154789,0.111524,0.344214,
